time,air_temp,ice_temp,albedo,shortwave_down,shortwave_up,longwave_down,longwave_up,sensible_heat_flux,latent_heat_flux,surface_energy_balance,meltwater_runoff
2012-01-01 12:00:00,-31.180529,-31.157694,0.71579593,0.0,0.0,115.96806,183.87645,41.157967,-0.53174365,-27.282164,3.1011728489583255e-15
2012-01-02 12:00:00,-32.855556,-32.044254,0.7132736,0.0,0.0,118.12042,180.02779,36.562458,-0.26945505,-25.61436,3.1031758552039987e-15
2012-01-03 12:00:00,-31.5962,-31.418184,0.7117106,0.0,0.0,126.46556,182.65076,32.906498,-0.3503563,-23.629055,3.1028914960669667e-15
2012-01-04 12:00:00,-28.541538,-28.249695,0.7145054,0.0,0.0,130.84593,193.25526,46.697075,-1.920499,-17.632757,3.1035089708068497e-15
2012-01-05 12:00:00,-28.130154,-27.510427,0.71385795,0.0,0.0,125.123116,195.84877,50.65277,-1.4384447,-21.511328,3.103769248905497e-15
2012-01-06 12:00:00,-27.92334,-27.929352,0.71272004,0.0,0.0,133.12883,194.00304,42.50299,0.048702836,-18.322514,3.103769248905497e-15
2012-01-07 12:00:00,-25.824484,-26.062504,0.7131467,0.0,0.0,147.30807,200.85422,37.68862,-0.9156129,-16.773134,3.1037692508477968e-15
2012-01-08 12:00:00,-22.40913,-23.035025,0.7143432,0.0,0.0,160.54944,211.17123,41.171963,1.5979129,-7.85192,3.103769269777971e-15
2012-01-09 12:00:00,-17.77356,-17.67689,0.7101259,0.0,0.0,218.4744,234.60979,14.048633,0.20305303,-1.8837056,3.103769269777971e-15
2012-01-10 12:00:00,-23.515245,-22.400938,0.7100603,0.0,0.0,182.67993,216.55412,17.163197,-1.1255058,-17.8365,3.103769269777971e-15
2012-01-11 12:00:00,-23.793337,-24.939877,0.71005714,0.0,0.0,152.6907,206.24718,36.693195,-1.103118,-17.966396,3.1011728489583255e-15
2012-01-12 12:00:00,-22.047947,-23.823923,0.7143192,0.0,0.0,152.17139,209.13441,38.667927,0.6881809,-17.60692,3.1031758552039987e-15
2012-01-13 12:00:00,-21.259478,-23.454105,0.71684974,0.0,0.0,150.16849,209.85767,44.805332,0.4982056,-14.385641,3.1028914960669667e-15
2012-01-14 12:00:00,-20.057589,-19.990957,0.71085674,0.0,0.0,169.82191,226.60739,35.320076,-5.8669367,-27.332336,3.1035089708068497e-15
2012-01-15 12:00:00,-24.928545,-25.832476,0.71518886,0.0,0.0,139.65167,202.70204,39.64017,-0.35229397,-23.762493,3.103769248905497e-15
2012-01-16 12:00:00,-23.358627,-23.731335,0.71089417,0.0,0.0,160.29552,210.00893,34.97095,-0.7123943,-15.454853,3.103769248905497e-15
2012-01-17 12:00:00,-20.13202,-21.006104,0.71003103,0.0,0.0,189.83287,221.73863,21.268385,1.5877305,-9.049646,3.1037692508477968e-15
2012-01-18 12:00:00,-12.843881,-12.801443,0.7100511,0.0,0.0,231.4189,255.48679,29.350252,-3.6122212,1.6701446,3.103769269777971e-15
2012-01-19 12:00:00,-23.166948,-23.919237,0.7131852,0.0,0.0,158.2529,211.04802,25.06635,-1.6721056,-29.400875,3.103769269777971e-15
2012-01-20 12:00:00,-22.457357,-24.214827,0.7168327,0.0,0.0,140.82852,207.48009,51.653267,-0.49617013,-15.494469,3.103769269777971e-15
2012-01-21 12:00:00,-21.712454,-20.111769,0.71000093,0.0,0.0,187.42065,225.16313,21.751135,-10.262855,-26.254196,3.1011728489583255e-15
2012-01-22 12:00:00,-18.741507,-18.597353,0.7099199,0.0,0.0,187.69925,230.91643,40.661297,-7.075679,-9.63156,3.1031758552039987e-15
2012-01-23 12:00:00,-20.772501,-22.28039,0.7112236,0.0,0.0,157.17972,215.30547,38.581326,-1.037597,-20.58202,3.1028914960669667e-15
2012-01-24 12:00:00,-24.035961,-25.106354,0.7115341,0.0,0.0,164.02666,206.03636,19.04191,0.8483339,-22.119461,3.1035089708068497e-15
2012-01-25 12:00:00,-28.893635,-29.496168,0.7137658,0.0,0.0,134.18771,189.63142,28.485239,1.4807333,-25.477737,3.103769248905497e-15
2012-01-26 12:00:00,-25.823137,-28.38825,0.7160104,0.0,0.0,137.65611,192.74843,34.76931,-0.15441057,-20.477417,3.103769248905497e-15
2012-01-27 12:00:00,-23.529934,-27.101833,0.7173015,0.0,0.0,132.88956,196.48302,46.653694,-1.8356526,-18.77542,3.1037692508477968e-15
2012-01-28 12:00:00,-25.754469,-27.158163,0.7151098,0.0,0.0,132.5439,196.67822,44.44648,-1.118087,-20.805931,3.103769269777971e-15
2012-01-29 12:00:00,-26.036037,-26.82588,0.71500003,0.0,0.0,131.93051,196.82906,46.156197,-0.3274772,-19.069824,3.103769269777971e-15
2012-01-30 12:00:00,-27.036777,-27.961735,0.7156944,0.0,0.0,136.09354,193.27596,36.885902,-0.19929789,-20.495813,3.103769269777971e-15
2012-01-31 12:00:00,-26.30736,-27.33807,0.7165989,0.0,0.0,140.09541,195.13539,37.406986,0.14741938,-17.485573,3.103769269777971e-15
2012-02-01 12:00:00,-26.351307,-26.855438,0.7147353,0.0,0.0,144.31735,196.86098,35.35062,0.6426652,-16.550339,3.1011728489583255e-15
2012-02-02 12:00:00,-26.695688,-26.941532,0.7153302,0.0,0.0,138.99156,196.75868,39.230766,-0.03236113,-18.568716,3.1031758552039987e-15
2012-02-03 12:00:00,-26.322803,-26.209322,0.71397,0.0,0.0,151.1511,199.58665,33.731945,0.32642406,-14.377193,3.1028914960669667e-15
2012-02-04 12:00:00,-18.787546,-17.53237,0.7098579,0.0,0.0,232.51015,234.9181,10.709564,-3.5041926,4.797413,3.1035089708068497e-15
2012-02-05 12:00:00,-19.100925,-19.249298,0.710442,0.0,0.0,193.19434,227.4211,28.801657,-3.5795932,-9.004698,3.103769248905497e-15
2012-02-06 12:00:00,-20.595417,-22.223318,0.71649456,0.0,0.0,149.652,213.77321,51.045776,0.27655676,-12.7988825,3.103769248905497e-15
2012-02-07 12:00:00,-13.254204,-15.317927,0.71106017,0.0,0.0,195.68901,242.29213,49.43566,-1.0518175,1.7807249,3.1037692508477968e-15
2012-02-08 12:00:00,-11.029996,-14.086741,0.71198887,0.0,0.0,201.46559,247.33786,42.53372,-2.0024123,-5.340963,3.103769269777971e-15
2012-02-09 12:00:00,-14.046109,-17.179453,0.7153321,0.0,0.0,182.30696,234.36949,42.666466,-0.9338083,-10.329873,3.103769269777971e-15
2012-02-10 12:00:00,-16.688736,-16.646845,0.7107705,0.0,0.0,217.4956,239.75893,13.962258,-8.367867,-16.66893,3.103769269777971e-15
2012-02-11 12:00:00,-19.385061,-18.059248,0.7097093,0.0,0.0,206.36678,233.63107,20.719069,-18.130108,-24.675337,3.1011728489583255e-15
2012-02-12 12:00:00,-18.778795,-18.643476,0.71000046,0.0,0.0,182.33298,230.64378,41.496853,-8.955299,-15.769253,3.1031758552039987e-15
2012-02-13 12:00:00,-24.215237,-25.735243,0.7152124,0.0,0.0,132.43846,203.0947,43.462128,-1.3625041,-28.556612,3.1028914960669667e-15
2012-02-14 12:00:00,-22.134304,-25.967073,0.7160552,0.13202536,0.104427814,139.69661,201.01524,45.708706,-2.4092815,-17.99161,3.1035089708068497e-15
2012-02-15 12:00:00,-21.46341,-22.795992,0.7124236,0.28238183,0.21915922,163.62595,212.65279,34.555733,0.79249245,-13.615394,3.103769248905497e-15
2012-02-16 12:00:00,-20.684088,-20.356821,0.7096792,0.43969503,0.341481,204.05765,224.17648,14.121721,-0.16834553,-6.0672464,3.103769248905497e-15
2012-02-17 12:00:00,-19.876997,-18.43903,0.7096762,0.7296317,0.56825334,215.3314,231.64108,14.123398,-6.2694287,-8.294329,3.1037692508477968e-15
2012-02-18 12:00:00,-19.786592,-19.549974,0.7096871,1.3816649,1.0756705,196.22754,227.08217,19.898355,-0.35901418,-11.0092945,3.103769269777971e-15
2012-02-19 12:00:00,-24.686022,-23.664469,0.70966876,1.9265182,1.5024683,173.16106,210.57994,20.563536,-0.10829108,-16.53959,3.103769269777971e-15
2012-02-20 12:00:00,-28.308247,-27.725332,0.71178496,3.144521,2.471555,151.89589,196.00899,18.287792,0.7021248,-24.450214,3.103769269777971e-15
2012-02-21 12:00:00,-30.45602,-28.992,0.7096618,3.233776,2.5234687,159.30627,191.3214,12.793335,0.30202618,-18.209452,3.1011728489583255e-15
2012-02-22 12:00:00,-31.869831,-30.555424,0.7117036,5.248669,4.1375566,130.71632,184.35666,30.21753,-0.25406185,-22.565754,3.1031758552039987e-15
2012-02-23 12:00:00,-32.278652,-31.162672,0.71220195,4.9877563,3.8982131,135.41759,182.26367,27.50498,-0.090730906,-18.342293,3.1028914960669667e-15
2012-02-24 12:00:00,-30.249338,-27.681606,0.709657,5.858094,4.5801787,160.1222,194.71408,19.140093,-1.5317694,-15.705649,3.1035089708068497e-15
2012-02-25 12:00:00,-33.330914,-31.83875,0.7105747,8.955591,7.0057144,134.77899,181.03476,19.10388,0.33369058,-24.868322,3.103769248905497e-15
2012-02-26 12:00:00,-33.911552,-32.425518,0.7099472,8.092589,6.312126,134.28426,178.31534,21.134897,0.558651,-20.55707,3.103769248905497e-15
2012-02-27 12:00:00,-34.211124,-32.700825,0.71060765,10.086542,7.8858895,124.06693,176.90099,28.81518,0.63097715,-21.187243,3.1037692508477968e-15
2012-02-28 12:00:00,-35.21952,-33.82771,0.7131935,13.44931,10.59157,115.35216,172.82837,33.337036,-0.02886555,-21.310299,3.103769269777971e-15
2012-02-29 12:00:00,-32.467617,-30.617859,0.7135687,15.450683,12.184479,118.3441,183.43837,47.08142,-2.6898663,-17.43651,3.103769269777971e-15
2012-03-01 12:00:00,-33.598885,-32.985302,0.7147226,15.523949,12.150281,111.30131,176.54283,37.12974,-0.95388603,-25.692,3.1011728489583255e-15
2012-03-02 12:00:00,-33.94145,-33.58285,0.71254486,16.364685,12.76714,114.7516,174.57332,32.780468,-0.0380342,-23.481737,3.1031758552039987e-15
2012-03-03 12:00:00,-35.28637,-35.077213,0.71387565,19.749716,15.545753,107.85337,169.90727,31.775745,0.39018717,-25.684006,3.1028914960669667e-15
2012-03-04 12:00:00,-34.596973,-34.341194,0.71122265,16.84234,13.121808,120.987206,172.92212,26.1751,-0.06552643,-22.104809,3.1035089708068497e-15
2012-03-05 12:00:00,-31.192078,-30.149057,0.70979965,16.547663,12.906225,147.40625,186.7708,20.938107,-0.44396523,-15.228969,3.103769248905497e-15
2012-03-06 12:00:00,-34.640556,-33.915962,0.71290296,26.293173,20.731625,119.81953,174.07753,22.221243,-0.07945131,-26.554665,3.103769248905497e-15
2012-03-07 12:00:00,-35.272823,-34.980824,0.71394604,28.824083,22.72758,110.078865,170.09953,31.108252,-0.23133126,-23.047243,3.1037692508477968e-15
2012-03-08 12:00:00,-30.797785,-28.738705,0.7096123,19.834244,15.539488,170.06259,191.71558,9.619814,-0.42633003,-8.164744,3.103769269777971e-15
2012-03-09 12:00:00,-30.573792,-28.07707,0.70963603,23.745348,18.61908,168.80127,194.15149,5.771949,-0.80690616,-15.258908,3.103769269777971e-15
2012-03-10 12:00:00,-34.40167,-33.543964,0.7129242,33.82425,26.569431,122.016464,175.32224,23.657116,0.16687647,-22.226961,3.103769269777971e-15
2012-03-11 12:00:00,-30.500057,-27.35161,0.7096183,25.660631,20.03182,173.01051,196.64026,4.136992,-5.572365,-19.436308,3.1011728489583255e-15
2012-03-12 12:00:00,-31.979156,-31.142477,0.7125823,41.10327,32.337826,127.779945,183.56972,24.78464,0.07045429,-22.169233,3.1031758552039987e-15
2012-03-13 12:00:00,-33.167408,-33.29687,0.7150664,44.623554,35.237484,115.96249,175.69963,29.22524,0.15677378,-20.969059,3.1028914960669667e-15
2012-03-14 12:00:00,-32.290165,-31.852926,0.71488273,46.809456,36.85666,123.86243,180.59055,29.916256,-0.085912324,-16.944979,3.1035089708068497e-15
2012-03-15 12:00:00,-24.804714,-23.539738,0.7103205,31.474167,24.645555,193.60832,211.09653,18.438786,-5.4139986,2.3651934,3.103769248905497e-15
2012-03-16 12:00:00,-17.059496,-16.568707,0.7096084,33.85884,26.449612,210.53955,238.73412,45.327965,-20.16272,4.3799095,3.103769248905497e-15
2012-03-17 12:00:00,-12.671456,-13.168832,0.70959705,29.233751,22.948517,237.13118,253.41191,44.22576,-26.851757,7.3785057,3.1037692508477968e-15
2012-03-18 12:00:00,-12.6963625,-13.405365,0.709838,43.761604,34.30763,206.61488,252.02298,48.74274,-11.706034,1.0825863,3.103769269777971e-15
2012-03-19 12:00:00,-16.186123,-16.889008,0.71024144,48.866188,38.236145,205.32947,237.76146,14.557816,-0.38493228,-7.6290655,3.103769269777971e-15
2012-03-20 12:00:00,-21.143976,-22.620443,0.7155281,65.87377,52.031006,157.37233,214.70435,28.697632,-0.0052120346,-14.79683,3.103769269777971e-15
2012-03-21 12:00:00,-20.124496,-21.710863,0.71621376,69.23055,54.26308,156.4636,218.21565,37.04143,-0.091160536,-9.834317,3.1011728489583255e-15
2012-03-22 12:00:00,-18.641855,-18.557621,0.7109985,49.47277,38.62956,192.79213,231.03784,25.617289,-2.4555686,-4.24078,3.1031758552039987e-15
2012-03-23 12:00:00,-20.706966,-19.929522,0.71075314,46.950493,36.619865,195.3932,225.55832,11.820971,-0.19012666,-8.203644,3.1028914960669667e-15
2012-03-24 12:00:00,-21.470526,-22.032166,0.7147531,80.42318,63.302204,160.67503,216.5293,23.940022,0.8158986,-13.977367,3.1035089708068497e-15
2012-03-25 12:00:00,-22.49407,-23.652893,0.7136275,83.07197,65.09871,153.76929,210.62814,24.048788,1.7884272,-13.048382,3.103769248905497e-15
2012-03-26 12:00:00,-22.719625,-23.205673,0.71207315,84.6147,65.58979,154.97835,213.0282,24.322384,2.1622713,-12.540285,3.103769248905497e-15
2012-03-27 12:00:00,-24.431692,-23.946133,0.7096316,81.81905,63.68635,166.29318,211.3477,11.379857,0.36291507,-15.179046,3.1037692508477968e-15
2012-03-28 12:00:00,-27.559866,-27.946285,0.714242,97.88691,77.181206,133.46124,195.37263,22.610674,0.8658014,-17.729214,3.103769269777971e-15
2012-03-29 12:00:00,-25.39331,-24.679966,0.70955,77.401726,60.680607,164.74132,207.31422,18.353436,-0.16209283,-7.6604447,3.103769269777971e-15
2012-03-30 12:00:00,-23.850973,-24.244009,0.71402365,106.01586,83.839355,147.73329,208.7604,26.398394,-0.45180634,-12.904021,3.103769269777971e-15
2012-03-31 12:00:00,-22.617096,-23.283947,0.7143082,105.445595,83.253944,155.76619,211.53557,26.32094,-0.2181286,-7.474917,3.103769269777971e-15
2012-04-01 12:00:00,-16.467472,-19.42841,0.71500045,110.7158,87.6239,173.58778,226.54051,29.57796,-1.1624279,-1.445301,3.1011728489583255e-15
2012-04-02 12:00:00,-12.946582,-15.924129,0.7147857,113.05782,89.11888,185.3053,241.12532,34.548645,-1.9621247,0.7054397,3.1031758552039987e-15
2012-04-03 12:00:00,-15.273797,-17.832346,0.71509445,120.13841,95.101524,178.24133,233.34961,22.816694,0.59776026,-6.656934,3.1028914960669667e-15
2012-04-04 12:00:00,-16.941698,-18.45711,0.71375793,119.303764,94.32057,172.94992,230.68343,27.304142,0.060584452,-5.3855863,3.1035089708068497e-15
2012-04-05 12:00:00,-16.517427,-18.70978,0.71374816,127.73692,100.69459,169.33104,229.73393,28.140238,-1.3123044,-6.5326242,3.103769248905497e-15
2012-04-06 12:00:00,-17.985018,-19.43989,0.714471,134.09373,105.400635,160.45435,227.0823,30.018583,0.5316051,-7.3846717,3.103769248905497e-15
2012-04-07 12:00:00,-16.679132,-18.46636,0.71038264,128.30588,100.22447,171.9255,230.55775,26.133043,-0.3993788,-4.817178,3.1037692508477968e-15
2012-04-08 12:00:00,-15.656569,-15.938073,0.7097368,105.62563,82.140976,198.84167,241.76651,20.482914,-1.9138373,-0.87110126,3.103769269777971e-15
2012-04-09 12:00:00,-17.474497,-17.7698,0.71059227,140.4953,109.612305,181.80281,235.0702,14.327296,1.0029508,-7.0541525,3.103769269777971e-15
2012-04-10 12:00:00,-17.686352,-18.3736,0.71280843,148.01218,115.962524,167.88823,231.62036,28.34903,-1.2219857,-4.555436,3.103769269777971e-15
2012-04-11 12:00:00,-16.624186,-17.77831,0.7109123,149.12004,117.03576,171.37875,234.19707,27.022715,-1.885774,-5.597091,3.1011728489583255e-15
2012-04-12 12:00:00,-16.213318,-17.226404,0.71039253,141.92339,111.31413,181.67358,237.25914,25.3335,-4.1137557,-3.756559,3.1031758552039987e-15
2012-04-13 12:00:00,-17.882574,-17.97538,0.7100195,155.61081,122.65572,172.73967,233.07373,22.704332,-1.5225703,-6.1972127,3.1028914960669667e-15
2012-04-14 12:00:00,-17.460186,-18.129938,0.71361554,167.38127,132.38985,167.71724,232.57945,26.326275,-0.4359196,-3.9804332,3.1035089708068497e-15
2012-04-15 12:00:00,-15.215833,-16.585873,0.71335304,173.90283,137.76486,172.3564,238.62085,29.634329,-0.83289325,-1.3250445,3.103769248905497e-15
2012-04-16 12:00:00,-8.075056,-10.698671,0.71236163,156.83887,124.26678,201.90147,264.32224,49.893032,-10.484685,9.559676,-6.888527556470324e-11
2012-04-17 12:00:00,-3.3931613,-5.463561,0.70994216,132.882,105.16322,252.4165,289.14212,41.249123,-19.36711,12.875177,-1.2304425681408666e-06
2012-04-18 12:00:00,-5.1528354,-7.15144,0.7094928,145.20247,114.98347,244.33322,281.6046,26.56938,-13.174584,6.3424044,-4.0326837025878934e-11
2012-04-19 12:00:00,-7.148084,-7.502915,0.709486,125.280235,99.15775,262.80307,280.11682,10.751515,-15.802049,3.7581968,3.103769269777971e-15
2012-04-20 12:00:00,-10.207617,-9.422339,0.70947933,128.04782,101.33142,252.15071,271.4501,3.0674758,-8.582961,1.9015226,3.103769269777971e-15
2012-04-21 12:00:00,-12.168619,-10.755106,0.70948124,134.07253,106.27181,242.65645,264.88477,-3.5954006,-2.1690853,-0.19209051,3.1011728489583255e-15
2012-04-22 12:00:00,-14.275462,-14.429864,0.7088299,200.6726,158.7199,191.84312,249.16838,8.355037,-0.5876582,-7.605165,3.1031758552039987e-15
2012-04-23 12:00:00,-16.569088,-17.010426,0.7110273,199.613,158.27832,174.41808,237.45923,12.713935,1.1294906,-7.863041,3.1028914960669667e-15
2012-04-24 12:00:00,-17.03328,-17.138454,0.7102219,178.37277,140.87617,188.54764,237.69447,7.6276526,-0.58704746,-4.609633,3.1035089708068497e-15
2012-04-25 12:00:00,-15.902183,-15.12401,0.7096874,192.52893,152.02762,200.4157,246.22835,7.0605764,-5.4935446,-3.7443085,3.103769248905497e-15
2012-04-26 12:00:00,-17.587397,-18.65352,0.71164525,232.62976,182.52678,154.30086,231.24034,19.224745,-0.42628026,-8.038037,3.103769248905497e-15
2012-04-27 12:00:00,-18.568516,-19.340525,0.71158993,236.89275,185.32748,150.62692,228.53935,17.017725,0.9803996,-8.349043,3.1037692508477968e-15
2012-04-28 12:00:00,-19.439085,-20.21939,0.71105593,241.36568,187.04073,148.85818,225.93246,15.653768,-0.52848536,-7.6240463,3.103769269777971e-15
2012-04-29 12:00:00,-18.895096,-18.919918,0.70997226,248.8374,191.98633,148.92055,231.21683,20.375652,-1.4151722,-6.4847255,3.103769269777971e-15
2012-04-30 12:00:00,-17.757107,-18.722425,0.71109897,255.48183,197.7592,152.23557,231.45311,23.603825,-4.6388903,-2.5299845,3.103769269777971e-15
2012-05-01 12:00:00,-16.257359,-16.300488,0.71111476,253.75342,196.97667,156.39612,240.75027,36.00225,-11.085365,-2.6605225,3.1011728489583255e-15
2012-05-02 12:00:00,-14.16064,-14.813163,0.7111947,246.56839,191.3339,181.68811,248.27003,18.428423,-3.6296806,3.451315,3.1031758552039987e-15
2012-05-03 12:00:00,-7.972336,-8.534552,0.71047074,140.61674,110.843575,255.93823,275.82126,12.222631,-10.19251,11.920266,3.1028914960669667e-15
2012-05-04 12:00:00,-4.032741,-4.474607,0.7098603,174.15608,134.41277,278.2195,295.5512,10.33367,-15.960878,16.784414,-9.314409504676235e-12
2012-05-05 12:00:00,-3.4005547,-3.8866382,0.71263784,147.03777,112.24573,283.46838,298.53043,1.290948,-5.278427,15.742517,-8.655718410693164e-06
2012-05-06 12:00:00,-4.4222107,-5.394288,0.7244824,245.8986,188.73825,244.7963,293.0037,2.8099072,-1.1933049,10.569559,-9.96024621194473e-06
2012-05-07 12:00:00,-6.6050544,-7.477736,0.7252013,228.98772,175.53355,237.33224,283.46762,4.626515,-4.6433916,7.3019094,3.1037692508477968e-15
2012-05-08 12:00:00,-11.736104,-12.993287,0.7215839,279.18863,213.04529,185.58818,259.7197,6.2560873,-0.9117314,-2.6438186,3.103769269777971e-15
2012-05-09 12:00:00,-9.610519,-10.415405,0.7218936,247.29031,188.44572,215.09114,269.12326,5.722093,-4.045348,6.489215,3.103769269777971e-15
2012-05-10 12:00:00,-7.2064624,-8.424821,0.721162,250.5187,189.76694,224.53282,277.9765,6.282463,-4.9596863,8.630867,3.103769269777971e-15
2012-05-11 12:00:00,-6.664182,-9.07329,0.7199834,294.56793,221.17763,201.5547,277.7617,19.187256,-7.1799583,9.190617,3.1011728489583255e-15
2012-05-12 12:00:00,-6.5702395,-9.345381,0.7232079,275.36734,206.84998,208.70961,276.06668,14.276114,-5.4268594,10.009548,-3.2082736060423654e-09
2012-05-13 12:00:00,-6.7395735,-8.463404,0.71891534,288.21848,215.0109,214.11667,280.57376,9.172409,-6.105232,9.817665,3.1028914960669667e-15
2012-05-14 12:00:00,-6.8450766,-9.375122,0.71893936,305.52414,225.83351,202.78847,277.6329,12.295317,-4.220603,12.920905,-1.719467430233991e-12
2012-05-15 12:00:00,-6.3024716,-9.006673,0.7190768,318.30167,230.90666,195.84285,278.7207,26.673939,-16.75547,14.435619,3.003300222708404e-15
2012-05-16 12:00:00,-6.311862,-7.770549,0.7207125,299.33322,213.27795,201.81729,281.58035,36.097637,-29.344267,13.045576,3.1037449738582265e-15
2012-05-17 12:00:00,-4.9261656,-6.576465,0.7175984,251.25908,178.00894,240.67693,289.5696,6.088717,-8.139412,22.306757,-3.529335965892777e-14
2012-05-18 12:00:00,-4.778957,-6.171234,0.71681947,265.1614,180.81593,240.91444,291.2806,4.1780596,-16.995707,21.161661,-1.5053692411143898e-11
2012-05-19 12:00:00,-5.7751203,-7.471232,0.7141066,307.26324,204.5843,215.62305,286.11972,-2.6739008,-11.101013,18.407352,-1.3676771118941093e-10
2012-05-20 12:00:00,-5.757335,-5.849651,0.7173271,261.29803,180.22366,250.3603,292.17972,-5.9676466,-15.801653,17.485659,-1.3015034740302951e-14
2012-05-21 12:00:00,-7.0936027,-8.62049,0.7297817,290.37012,199.82286,217.34134,281.8308,-4.7980247,-7.640877,13.618883,3.1011728489583255e-15
2012-05-22 12:00:00,-7.1922216,-8.627442,0.72516507,317.11993,217.04875,209.74232,281.17838,-0.5315805,-13.0108595,15.092692,5.830965846987172e-16
2012-05-23 12:00:00,-6.2088056,-9.905276,0.72641355,346.5762,236.5631,194.44748,280.41452,4.5703444,-8.819597,19.796814,-3.7476439462220463e-11
2012-05-24 12:00:00,-3.622368,-5.8117642,0.72089857,269.61484,183.33104,235.4568,295.0306,15.250289,-20.384127,21.576155,-3.679654837667107e-08
2012-05-25 12:00:00,-4.5240836,-6.697426,0.7137421,342.69266,228.3601,206.10094,292.92746,-1.0171062,-4.026822,22.462097,-4.168918069853635e-12
2012-05-26 12:00:00,-5.751975,-7.4685388,0.7148725,347.7771,232.67027,203.04723,287.2573,-7.487765,-3.5929677,19.816027,-3.92498058071628e-12
2012-05-27 12:00:00,-4.7792087,-7.8051233,0.7112628,349.77078,233.2621,203.49214,288.0844,-4.004586,-4.2999926,23.611835,-4.661329733015701e-10
2012-05-28 12:00:00,-1.8531275,-5.5592794,0.7141113,359.42075,243.06723,205.67363,300.45554,28.898745,-19.922897,30.547455,-5.512007741155312e-05
2012-05-29 12:00:00,2.0198221,-0.7996206,0.65836656,163.62117,108.097916,301.68033,318.08426,16.854338,5.690647,61.66431,-1.13244712071121
2012-05-30 12:00:00,4.350488,-0.16015403,0.6216959,256.66077,149.97961,299.3442,323.261,56.295013,10.430821,149.4902,10.49359329228679
2012-05-31 12:00:00,0.21652985,-0.9663052,0.6476096,309.1546,165.93604,254.03508,317.11957,-5.5587173,-12.584381,61.990982,4.065030354990261
2012-06-01 12:00:00,0.9058451,-1.9316648,0.6367194,348.1276,167.96721,231.39243,318.34567,-13.441295,-13.916072,65.84978,0.8511932740104828
2012-06-02 12:00:00,5.789871,-0.4016435,0.6051906,354.1511,162.75154,246.94035,329.26077,31.04398,-38.609608,101.513504,16.091197430343723
2012-06-03 12:00:00,2.6921499,-0.31339842,0.5533716,301.8264,143.52625,259.01633,325.06305,-1.4361583,-30.010458,60.8068,18.408150066200832
2012-06-04 12:00:00,1.5845453,-0.43838355,0.5548417,115.9833,66.55045,301.6006,319.09717,8.180934,-16.630142,23.487057,6.471178713193521
2012-06-05 12:00:00,0.24179928,-1.1095083,0.56420636,293.88077,139.47862,259.51447,317.4821,-20.97977,-26.245016,49.20974,6.956729994207639
2012-06-06 12:00:00,-0.8967622,-1.7856257,0.5657219,317.3366,146.20404,244.44577,317.4239,-36.35032,-14.633634,47.170498,4.491064869523554
2012-06-07 12:00:00,0.14614023,-1.72843,0.5706629,348.34283,157.4336,228.96434,321.86667,-36.197628,-10.158791,51.650494,4.989883648525466
2012-06-08 12:00:00,-0.04231378,-1.8676913,0.56572115,330.2264,154.31494,237.60219,324.7136,-35.446323,-6.9114923,46.44225,5.476004368007493
2012-06-09 12:00:00,1.2627251,-1.8195336,0.57015043,356.4982,161.64046,228.5249,326.84354,-34.728,-7.5574408,54.253666,4.9372733236067115
2012-06-10 12:00:00,3.2643738,-1.3382294,0.56194216,363.71606,161.76291,231.71135,333.50357,-35.50555,-5.2253656,59.430016,6.414307633904411
2012-06-11 12:00:00,4.235217,-0.99768025,0.5468585,363.14105,160.29086,234.65161,338.76587,-33.46449,-4.288026,60.983414,8.204675946575192
2012-06-12 12:00:00,4.2479334,-0.67637426,0.5256419,352.58072,147.618,239.97768,338.7182,-39.262962,-3.0189717,63.940266,8.896965280312644
2012-06-13 12:00:00,4.5810738,-0.6187296,0.5409117,367.13568,156.55064,235.1386,334.55615,-37.426548,-16.661572,57.079365,13.46233020684345
2012-06-14 12:00:00,2.8265269,-0.23663111,0.54855007,136.56772,65.97074,279.4932,323.48102,15.990875,-25.490635,17.109394,12.310160555741607
2012-06-15 12:00:00,-0.34395668,-1.134732,0.63624316,257.4682,105.297104,271.82364,314.10068,-28.90544,-51.83775,29.150867,1.4753526521381544
2012-06-16 12:00:00,-0.9438148,-1.4201995,0.67215174,182.71642,97.807495,295.40518,312.53476,-19.359526,-31.527767,16.892048,0.18600370701972807
2012-06-17 12:00:00,0.15940563,-1.5367988,0.6446962,336.55258,149.16724,246.86778,322.5063,-27.477612,-24.70204,59.567184,0.529538459705082
2012-06-18 12:00:00,1.6735003,-0.82730293,0.6237172,136.00688,65.195145,291.18265,320.5607,0.7151402,-21.929617,20.21921,-0.1876770756631303
2012-06-19 12:00:00,2.6588674,-0.028014895,0.52919436,103.57862,48.385216,315.42303,322.43652,52.832024,-35.960747,65.05119,10.311604783513422
2012-06-20 12:00:00,2.078316,-0.2978982,0.5090843,191.33401,84.5257,300.45975,321.4919,29.371258,-40.628437,74.51897,22.81876642882279
2012-06-21 12:00:00,-0.70809954,-1.3825389,0.58636653,141.3073,74.34877,296.33023,312.0586,-8.588127,-34.049026,8.59301,1.4337979355035901
2012-06-22 12:00:00,1.1159351,-0.67601717,0.59050506,220.73567,106.36782,293.58444,321.37674,-16.030487,-31.000624,39.54444,5.434978537543706
2012-06-23 12:00:00,2.709446,-0.63681,0.5495661,312.71185,135.47647,262.9566,327.68808,-24.130514,-20.29231,68.08108,11.107286550624883
2012-06-24 12:00:00,4.685634,-0.71887165,0.53496784,237.65636,100.071846,274.3421,334.72797,-12.851923,-6.5052104,57.841507,7.201786572983884
2012-06-25 12:00:00,3.8344314,-0.2024547,0.517927,322.46982,129.65022,265.02133,332.45193,-44.33671,-14.176277,66.876,18.631050868861973
2012-06-26 12:00:00,4.5952654,-0.28647524,0.49632582,359.12714,138.50984,248.95352,340.3698,-35.884075,1.458717,94.77564,16.455834931036236
2012-06-27 12:00:00,8.984545,-0.15147272,0.49573776,358.14362,138.62308,256.96457,350.50815,-29.077404,-1.2756108,95.62394,16.544069635393615
2012-06-28 12:00:00,9.389882,0.09408678,0.48914728,307.98413,118.780075,275.8862,351.4622,-18.28371,-2.3364556,93.007904,24.844402924951336
2012-06-29 12:00:00,10.597336,0.14570917,0.4880939,332.7834,128.01529,276.64532,356.3464,-26.660694,-0.11655978,98.289764,25.45697178461165
2012-06-30 12:00:00,10.127967,0.08832556,0.4859818,369.4847,140.7731,258.14917,356.0975,-33.8931,-0.6994154,96.17076,28.056459739493015
2012-07-01 12:00:00,5.6968155,-0.18665658,0.48962006,372.39047,142.45267,238.64125,344.27518,-48.42126,-0.23423342,75.648384,21.253132477927608
2012-07-02 12:00:00,6.38879,-0.18833974,0.4881102,371.2906,141.17458,240.10886,347.23343,-41.58916,-2.652286,78.75,18.518264513961057
2012-07-03 12:00:00,4.9086328,-0.21076654,0.486378,363.98102,137.81027,239.29765,344.36105,-46.274136,-4.2555947,70.577614,17.623377783284333
2012-07-04 12:00:00,4.3514767,-0.24517643,0.48597902,344.11713,130.7625,245.11388,340.01077,-47.6283,-2.3645058,68.464935,21.608649518641517
2012-07-05 12:00:00,3.8552935,-0.012984114,0.49167135,227.49724,88.63801,274.61108,337.01776,-30.833055,-2.2853434,43.33415,16.151874784227534
2012-07-06 12:00:00,6.264732,0.28595495,0.4768117,288.1561,105.74264,277.74667,343.98196,-28.356705,0.26037082,88.081825,22.33952963752902
2012-07-07 12:00:00,4.5958285,0.33448577,0.4838936,168.90906,71.09697,299.57138,335.67426,-18.296743,-0.27607584,43.13639,27.384020636651023
2012-07-08 12:00:00,6.0943527,0.3065408,0.48928064,317.2639,122.269165,263.61636,344.2739,-32.068665,-0.5126418,81.75588,18.680043402830144
2012-07-09 12:00:00,8.016741,0.2544468,0.48750016,357.9629,135.5972,245.85301,346.43076,-20.837982,-14.740151,86.209816,30.481653175908832
2012-07-10 12:00:00,5.6694565,0.4207057,0.48512775,91.42376,41.888206,318.63602,335.10175,29.457256,-2.4388733,60.088207,41.59985993237181
2012-07-11 12:00:00,5.201458,0.4519529,0.48785898,115.626526,49.11258,324.97855,334.44113,19.073421,-0.17424774,75.95054,45.38076310158331
2012-07-12 12:00:00,5.529601,0.5017062,0.48708838,98.44057,47.17129,330.06226,333.03287,47.785736,-5.5767965,90.5076,59.03645217695495
2012-07-13 12:00:00,5.7049375,0.48715287,0.48605862,205.81516,79.39477,309.68182,337.44193,2.036291,-7.909911,92.78667,44.18205311243492
2012-07-14 12:00:00,4.7401767,0.48127386,0.48730877,201.0865,76.25497,315.60944,337.76218,-12.949914,-17.551056,72.177826,23.646036332165085
2012-07-15 12:00:00,5.2755427,0.355804,0.48480818,293.65207,109.37469,272.7486,339.60107,-23.751234,-18.2245,75.44916,19.652279819020674
2012-07-16 12:00:00,6.5240293,0.1506251,0.4782987,315.54623,116.291855,259.6381,343.7388,-33.62525,-0.80348676,80.72493,20.81645826211957
2012-07-17 12:00:00,6.541943,0.4234576,0.4698889,199.74463,75.59004,302.28174,343.65494,-19.918253,1.8301934,64.69333,21.22692940272814
2012-07-18 12:00:00,7.057305,0.281876,0.47087765,305.296,113.1476,260.98096,345.94193,-29.768856,2.1664164,79.584984,21.60430643244396
2012-07-19 12:00:00,7.6406326,0.27114207,0.47065374,313.62982,113.18608,259.45132,348.16525,-26.251009,0.5558618,86.03467,26.96967703424049
2012-07-20 12:00:00,7.196241,0.34517685,0.47018185,255.84567,92.91761,274.19562,345.76904,-16.709864,-3.1124656,71.53232,28.908110392222085
2012-07-21 12:00:00,4.2836833,0.55424815,0.47070235,156.65128,55.38199,314.80786,337.2597,-14.032656,-17.941133,46.84366,19.469966705164925
2012-07-22 12:00:00,5.1723676,0.40874514,0.4715094,258.3514,86.76671,277.59644,337.0678,-19.504745,-12.933801,79.67478,25.423352184081537
2012-07-23 12:00:00,4.5814185,0.35736948,0.47217864,132.2649,47.590004,294.7287,331.97958,0.8058082,-11.967375,36.262436,21.875926109457
2012-07-24 12:00:00,3.9675877,0.5323347,0.4681763,106.033424,41.694206,317.23828,329.71945,14.777286,-17.658634,48.976696,29.987228949945862
2012-07-25 12:00:00,3.4763641,0.48174483,0.4687782,159.64597,60.61014,305.64862,328.77887,1.8911226,-24.832014,52.964684,29.039599805304803
2012-07-26 12:00:00,4.655415,0.50468653,0.4671797,225.44884,82.55529,282.7925,332.6053,8.921034,-9.985156,92.01666,40.23131701047309
2012-07-27 12:00:00,5.97799,0.48773512,0.46795622,96.952286,38.342262,308.92972,334.0816,64.218544,-28.105886,69.57079,40.60637949728034
2012-07-28 12:00:00,3.5857549,0.38661882,0.4709185,155.84106,57.240437,301.09634,327.152,31.404486,-35.982487,67.966965,41.51125352705709
2012-07-29 12:00:00,3.634819,0.37667593,0.48533496,210.32077,78.84206,287.19183,328.72662,12.725286,-36.264538,66.40468,30.232877047600375
2012-07-30 12:00:00,4.9245973,-0.12283315,0.48394924,267.03885,94.31578,254.86557,334.03906,-8.620969,-18.80451,66.12409,17.27225452602158
2012-07-31 12:00:00,6.023808,0.39996764,0.47173446,190.66757,63.489784,289.00952,338.35016,-3.0177574,-5.068633,69.75076,26.193153883951073
2012-08-01 12:00:00,6.4821553,0.63889134,0.4620835,237.70143,82.6596,286.39026,342.52158,-16.390642,-5.2735815,77.2463,24.919885696217104
2012-08-02 12:00:00,6.6122236,0.5854158,0.46361738,260.85,92.65539,264.14813,342.78867,-19.146921,-4.4984026,65.90875,18.70566836179781
2012-08-03 12:00:00,7.4026237,0.69123137,0.46833873,267.55164,96.240486,256.2748,342.31982,10.240987,-1.8267006,93.680435,44.13526989871934
2012-08-04 12:00:00,7.3992157,0.57828933,0.46436056,239.71231,85.5078,271.30368,344.57254,-6.192655,-1.7567787,72.98622,29.250900263622814
2012-08-05 12:00:00,7.716802,0.5357922,0.4666356,126.081566,44.01935,303.08136,342.60513,21.27689,11.36937,75.18471,37.01945294927933
2012-08-06 12:00:00,5.3237405,0.6316218,0.46502692,70.13573,28.199978,319.18637,334.44577,28.740479,-1.7073778,53.70945,46.188368335884356
2012-08-07 12:00:00,4.530642,0.3197419,0.46947813,252.00777,89.17971,241.69565,333.04712,-7.5480227,-10.933409,52.995163,16.36715753820356
2012-08-08 12:00:00,3.7097738,0.06872238,0.47107133,194.48534,72.69285,261.0108,332.19003,-16.08899,-1.34434,33.179928,13.150280971824293
2012-08-09 12:00:00,2.497018,0.36863735,0.49076435,166.66751,66.63366,282.10913,330.14496,-19.345154,-2.6392372,30.013634,11.697648643386174
2012-08-10 12:00:00,2.6245015,0.23660882,0.47232231,194.79146,69.60637,266.49448,330.26096,-17.076536,-13.6059885,30.736084,10.080589929491365
2012-08-11 12:00:00,2.2459872,0.58832973,0.5564862,93.36208,43.286995,306.74854,326.89133,-6.0425234,-15.105711,8.784063,7.668961318825286
2012-08-12 12:00:00,2.5469754,0.5413253,0.561897,85.50012,36.668484,306.24576,324.99466,12.71241,-30.342972,12.452175,8.158970270641605
2012-08-13 12:00:00,2.176927,0.5778845,0.5283137,76.951225,33.408527,308.57248,324.16653,8.062578,-25.485897,10.525326,15.063546379535016
2012-08-14 12:00:00,0.895678,-0.6115924,0.59178364,195.97574,84.21488,260.92365,320.6255,-11.391383,-24.88511,15.782518,4.937616271315281
2012-08-15 12:00:00,0.5380801,-0.7896365,0.59744006,92.317055,41.88145,273.19818,313.95615,21.62565,-39.135323,-7.832033,1.1531309804231291
2012-08-16 12:00:00,3.8569913,0.43779024,0.51015604,78.422646,35.610188,310.31744,326.93253,66.035576,-16.367834,75.86512,30.543391464519924
2012-08-17 12:00:00,2.424709,0.36780843,0.49563727,111.14514,41.024494,297.09372,324.64096,18.488043,-30.372698,30.688757,24.201495143246948
2012-08-18 12:00:00,0.08089624,-1.3385832,0.5148569,122.96871,47.788876,266.1958,315.1668,-10.025569,-13.97484,2.2084217,2.3511970393041284
2012-08-19 12:00:00,-0.3920521,-2.5580506,0.5168921,201.70668,77.40276,222.58604,310.3453,-7.7141256,-15.242371,13.588158,2.9289829892847035
2012-08-20 12:00:00,0.949443,-2.4197507,0.5160437,199.61269,76.163345,225.85742,313.24057,-1.9478496,-14.440796,19.677547,3.0854321869628736
2012-08-21 12:00:00,2.1257932,-1.8182856,0.51138604,189.96965,71.51815,235.39,318.0604,-0.6798741,-12.232347,22.868885,4.288747144697202
2012-08-22 12:00:00,2.1309643,-2.0552807,0.5178524,182.98875,70.79876,235.4867,317.77194,-1.3234408,-11.155461,17.425846,3.599737044802483
2012-08-23 12:00:00,1.1383663,-2.4462285,0.5154466,184.84341,71.90505,229.7122,313.81793,1.7675078,-16.760195,13.839947,3.504091289793366
2012-08-24 12:00:00,1.0637022,-2.4571898,0.5179911,180.75032,70.584625,227.43062,312.3622,10.102382,-22.05372,13.282763,3.965443250833206
2012-08-25 12:00:00,1.2152364,-2.3531067,0.51826113,176.26076,68.9493,227.83203,312.50812,13.670721,-22.754333,13.551758,3.508208220254341
2012-08-26 12:00:00,-0.107981406,-3.0015006,0.5182723,161.83485,63.748253,231.35695,308.6224,-1.5257695,-10.268412,9.026962,2.972597507776428
2012-08-27 12:00:00,-1.3393109,-2.5122437,0.51554763,126.53058,53.64518,255.87561,307.5519,-7.9199553,-8.5100355,4.779108,2.128169913259806
2012-08-28 12:00:00,-1.4552171,-3.6159286,0.51674837,153.72426,59.619926,229.89366,304.32028,-3.106028,-9.645004,6.9266796,1.540426849705312
2012-08-29 12:00:00,-1.8882773,-4.4103727,0.5180961,161.84836,63.651886,216.1687,301.03256,2.9560463,-14.994559,1.2940989,0.8477328945387572
2012-08-30 12:00:00,-1.5082842,-4.7933097,0.51811576,149.02281,58.018993,216.31006,299.33707,2.7163646,-9.786408,0.9067631,0.6826996548983535
2012-08-31 12:00:00,-1.8022181,-3.591169,0.51486677,101.91931,41.35864,253.97195,303.6888,3.068767,-14.355893,-0.44331074,0.21361915167703285
2012-09-01 12:00:00,-2.546663,-4.1547456,0.51680166,66.27125,28.66446,255.77226,298.94522,10.810103,-17.446674,-12.202741,-0.0002971025179549875
2012-09-02 12:00:00,-0.61316204,-1.9645071,0.54045165,125.762085,52.606594,262.83176,310.2172,3.632629,-14.423409,14.97927,0.7614540259113055
2012-09-03 12:00:00,-2.260152,-4.814964,0.5467121,119.24231,51.769207,231.03955,297.76996,-0.8776681,-5.882212,-6.017189,0.33341396423623115
2012-09-04 12:00:00,-1.7509421,-2.411804,0.5625157,50.507122,24.817945,281.0135,305.52322,8.577449,-15.751668,-5.9947777,-0.0030693480005542263
2012-09-05 12:00:00,-1.0168507,-3.73733,0.59997624,125.40867,52.671413,241.3644,303.93106,5.845654,-11.803747,4.2124996,-0.0006164365210480132
2012-09-06 12:00:00,-2.52957,-7.126368,0.6038629,130.45317,55.439026,206.69539,289.92886,5.8480873,-9.228236,-11.599479,-0.00011485244722456713
2012-09-07 12:00:00,-3.9124265,-6.396538,0.6115368,118.067085,50.19585,207.79187,289.5734,11.4253,-8.771751,-11.256745,-1.223555284471562e-06
2012-09-08 12:00:00,-2.9106686,-3.7014978,0.6103675,48.006084,22.783396,256.9397,298.63864,19.054962,-21.19571,-18.617002,-0.00011102908656544638
2012-09-09 12:00:00,-1.3158734,-1.9571255,0.6641845,43.947052,23.097239,292.00967,307.81314,20.581665,-32.95515,-7.327139,-0.004813512187216918
2012-09-10 12:00:00,-1.0174973,-2.4817517,0.6534018,46.74119,24.098246,284.06573,306.5954,19.626255,-18.972178,0.7673607,-0.0007438670484235737
2012-09-11 12:00:00,-1.0976018,-3.4410775,0.64793426,71.53128,31.873718,263.74808,302.4689,19.740305,-21.638973,-0.9619312,-3.219570908604244e-06
2012-09-12 12:00:00,0.20015635,-1.5140457,0.63934624,41.34226,21.325964,282.606,310.53613,24.185032,-12.229285,4.041896,-0.009824174308536302
2012-09-13 12:00:00,0.21574648,-1.3288816,0.63741696,49.294365,25.047953,284.89905,310.74347,27.163208,-23.060238,2.504961,-0.006049814652534592
2012-09-14 12:00:00,-1.9295118,-3.2147279,0.6447452,56.221416,25.716364,265.46335,302.51215,5.9675446,-5.872914,-6.4491143,-0.002079520179875494
2012-09-15 12:00:00,-2.5565648,-3.7860196,0.6538144,50.742107,24.617191,257.59744,299.37662,14.647618,-4.8618712,-5.8685117,-0.0001837881900236712
2012-09-16 12:00:00,-2.2430804,-2.910014,0.67489827,49.99777,23.962261,278.79047,303.44406,8.011195,-15.316454,-5.9233465,-6.702581852242435e-05
2012-09-17 12:00:00,-3.3974018,-4.3444777,0.6722464,52.44087,23.577961,255.11394,296.56683,28.463589,-36.075096,-20.201496,-1.746684472830173e-06
2012-09-18 12:00:00,-1.3159455,-4.2246757,0.6522985,78.992325,35.170628,243.25656,299.43872,43.530537,-32.60849,-1.4384155,-3.7472454443088748e-06
2012-09-19 12:00:00,-0.101861276,-3.2753558,0.62298644,41.757572,18.637434,263.31415,305.1679,53.510437,-37.105835,-2.3290176,-4.8847046019880054e-05
2012-09-20 12:00:00,-1.6967334,-5.4423985,0.6023725,68.207535,29.72519,234.93956,296.2418,21.263002,-11.135294,-12.692177,-3.2653006046703672e-06
2012-09-21 12:00:00,-2.8767302,-5.7531967,0.6061354,62.229607,27.024004,218.5918,292.27847,29.69467,-1.7834328,-10.569835,-0.0008321925427198116
2012-09-22 12:00:00,-2.2792735,-3.765572,0.6035761,38.291294,17.142834,250.8522,298.96973,23.92674,-4.958047,-8.000369,-0.00034500600514360746
2012-09-23 12:00:00,-2.311949,-3.3226688,0.636896,37.014458,17.186733,275.84482,302.15814,8.154421,-5.078425,-3.4096036,-0.00027417814418898007
2012-09-24 12:00:00,-4.7715445,-8.543403,0.65014607,62.548027,27.43851,210.29874,282.10608,16.756641,-1.6377991,-21.578983,-8.542724705256456e-09
2012-09-25 12:00:00,-4.8657117,-8.612903,0.6480962,56.126564,24.80869,202.28195,280.08456,48.31353,-20.936174,-19.107382,-5.850853109473699e-08
2012-09-26 12:00:00,-0.99849755,-2.8499734,0.6153311,33.908405,15.166726,256.59708,303.30396,39.450665,-7.4474335,4.0380325,-0.004842719445339019
2012-09-27 12:00:00,-2.4441035,-4.4086947,0.61496556,24.669846,11.619505,271.6047,297.51297,18.143015,-11.286916,-6.0018244,-0.0004067078700340984
2012-09-28 12:00:00,-2.5324252,-3.8388867,0.6726573,26.959707,13.555901,282.29083,301.40402,6.717096,-1.3268187,-0.31910586,-0.00017304367209915682
2012-09-29 12:00:00,-4.391667,-5.705695,0.69761956,44.52696,19.168442,225.74329,290.7177,34.277042,-22.392752,-27.731619,-3.7468481573404426e-05
2012-09-30 12:00:00,-6.6538997,-9.919593,0.69677955,44.045498,19.197712,198.43642,275.77106,26.147932,-4.108242,-30.447165,-8.916284714435905e-15
2012-10-01 12:00:00,-7.8718534,-11.513441,0.6917664,28.414928,12.40936,213.30138,270.52826,18.839233,0.050601482,-22.331478,3.1011728489583255e-15
2012-10-02 12:00:00,-6.8881793,-8.500194,0.6934418,25.106873,11.20987,225.17603,279.30893,37.468067,-19.15683,-21.924664,3.1031758552039987e-15
2012-10-03 12:00:00,-2.5882108,-3.8089442,0.6910019,12.382277,6.899425,286.6033,299.62506,23.707119,-10.696594,5.4716167,-0.0005491883528624832
2012-10-04 12:00:00,-2.9383347,-3.7190568,0.72469836,17.746473,8.788438,282.9126,300.08868,10.543023,-6.0070252,-3.682053,-0.0003719067016499907
2012-10-05 12:00:00,-7.6971784,-8.4567995,0.73006874,22.359844,10.440567,224.21826,279.3799,18.5365,-6.896685,-31.602558,3.103769248905497e-15
2012-10-06 12:00:00,-8.1467495,-8.775006,0.72779804,20.091526,9.241758,233.8057,278.0141,14.766069,-13.403694,-31.99626,3.103769248905497e-15
2012-10-07 12:00:00,-6.6972537,-6.9827814,0.7238129,14.767159,7.297672,258.48856,285.0467,12.297494,-18.050333,-24.841488,3.1037692508477968e-15
2012-10-08 12:00:00,-9.443223,-10.829358,0.7219897,20.275486,10.008927,233.09175,271.3527,5.7127914,-3.51399,-25.79558,3.103769269777971e-15
2012-10-09 12:00:00,-10.110955,-10.055788,0.7162624,13.154966,6.603334,249.3888,272.7043,-0.21847998,-8.411905,-25.394274,3.103769269777971e-15
2012-10-10 12:00:00,-8.092968,-8.397006,0.71461,10.769202,5.683018,254.5774,279.32657,7.8459163,-8.991072,-20.808147,3.103769269777971e-15
2012-10-11 12:00:00,-6.2068667,-6.5855184,0.71364975,8.353101,5.033192,273.47446,287.38748,4.8881793,-4.2609353,-9.965873,3.1011728489583255e-15
2012-10-12 12:00:00,-10.51422,-13.203857,0.7210764,18.248487,10.753285,186.32384,260.96732,38.973454,-8.517571,-36.692394,3.1031758552039987e-15
2012-10-13 12:00:00,-4.105158,-6.867205,0.71629137,14.062833,7.751227,219.66725,285.1608,103.94561,-64.29578,-19.532104,-2.085815404749218e-12
2012-10-14 12:00:00,-3.8487473,-6.607956,0.7196049,14.748105,8.135039,201.36337,285.58566,116.316635,-65.28579,-26.578377,7.808642920256282e-16
2012-10-15 12:00:00,-3.524059,-6.1778493,0.7186895,11.500807,6.0640216,207.68015,288.06006,100.14802,-44.831387,-19.6265,-6.931615502565667e-12
2012-10-16 12:00:00,-4.981565,-8.545442,0.71366036,8.219881,4.2931094,224.79886,280.3152,40.392,-8.712678,-19.910233,-1.3928777313411975e-09
2012-10-17 12:00:00,-2.2375052,-4.4796805,0.7132082,6.395789,3.3215263,260.73715,295.97803,58.469643,-26.035046,0.2679863,-6.330977987990015e-06
2012-10-18 12:00:00,-5.4286885,-6.6171427,0.71257573,3.6539364,2.0423272,267.0468,287.6008,19.954617,-13.693105,-12.680865,-6.695377194101626e-10
2012-10-19 12:00:00,-11.61048,-14.393648,0.71978366,6.989405,3.652331,187.08504,257.67572,27.052855,-1.3005981,-41.50135,3.103769269777971e-15
2012-10-20 12:00:00,-12.931926,-15.482352,0.71732265,5.347873,2.7487159,184.28386,253.36705,30.852564,0.18036434,-35.451107,3.103769269777971e-15
2012-10-21 12:00:00,-11.575011,-13.837699,0.71374047,3.9102886,1.9675964,202.01648,259.67703,24.416748,2.919239,-28.381874,3.1011728489583255e-15
2012-10-22 12:00:00,-13.261937,-17.342665,0.71808296,3.9025333,2.068132,180.91685,247.27687,26.111044,1.0933343,-37.32123,3.1031758552039987e-15
2012-10-23 12:00:00,-13.229299,-17.240887,0.7139476,2.808495,1.4661947,185.60487,247.61081,30.09297,-0.6264305,-31.197096,3.1028914960669667e-15
2012-10-24 12:00:00,-11.2333555,-15.750434,0.71897995,2.2160475,1.1894823,193.49333,253.21303,35.191673,-1.3345602,-24.836018,3.1035089708068497e-15
2012-10-25 12:00:00,-9.691576,-14.172994,0.7152232,1.4871632,0.7824655,198.41284,259.4001,42.567017,-4.6097336,-22.325264,3.103769248905497e-15
2012-10-26 12:00:00,-8.342347,-11.137279,0.7110019,0.77100766,0.4114,238.5288,271.7728,21.14372,1.215931,-10.524744,3.103769248905497e-15
2012-10-27 12:00:00,-7.4786754,-9.462355,0.7112378,0.36239085,0.21000025,249.17058,277.69424,19.946337,-2.1385431,-10.563481,3.1037692508477968e-15
2012-10-28 12:00:00,-6.2386847,-6.5703225,0.7196929,0.1386522,0.09014649,276.8901,287.44992,4.994279,-2.70604,-8.22307,3.103769269777971e-15
2012-10-29 12:00:00,-12.13528,-12.498296,0.7175094,0.0510068,0.03271695,226.87546,262.89383,3.0538886,-4.8497424,-37.795933,3.103769269777971e-15
2012-10-30 12:00:00,-14.098926,-15.84525,0.7142037,0.0,0.0,197.73753,251.01286,14.574202,-0.031717572,-38.732845,3.103769269777971e-15
2012-10-31 12:00:00,-15.495002,-17.081135,0.71351224,0.0,0.0,189.59912,245.499,22.31456,0.9169606,-32.66835,3.103769269777971e-15
2012-11-01 12:00:00,-13.100962,-12.770035,0.71202934,0.0,0.0,234.79965,260.83353,-2.806149,-30.31367,-59.153694,3.1011728489583255e-15
2012-11-02 12:00:00,-8.684802,-9.107948,0.71208906,0.0,0.0,260.52634,276.33026,4.689856,-5.025277,-16.139347,3.1031758552039987e-15
2012-11-03 12:00:00,-9.181627,-9.971412,0.7109459,0.0,0.0,257.7645,272.72366,4.591544,0.20485476,-10.162768,3.1028914960669667e-15
2012-11-04 12:00:00,-13.809955,-14.990436,0.7116273,0.0,0.0,197.6876,251.83267,19.465696,2.298793,-32.380573,3.1035089708068497e-15
2012-11-05 12:00:00,-13.6568365,-14.662379,0.7107443,0.0,0.0,223.48137,253.6853,7.5975304,0.53714913,-22.069254,3.103769248905497e-15
2012-11-06 12:00:00,-18.227718,-21.95657,0.71416396,0.0,0.0,162.66118,225.44753,22.124372,2.6063488,-38.055622,3.103769248905497e-15
2012-11-07 12:00:00,-19.438065,-23.244015,0.71271574,0.0,0.0,158.50768,220.10913,22.621067,1.3972585,-37.58313,3.1037692508477968e-15
2012-11-08 12:00:00,-18.789442,-23.424883,0.7122412,0.0,0.0,163.66121,219.45996,22.063625,0.96331584,-32.771812,3.103769269777971e-15
2012-11-09 12:00:00,-16.873556,-16.815401,0.7101526,0.0,0.0,222.30754,243.59616,6.612987,-0.56408304,-15.239716,3.103769269777971e-15
2012-11-10 12:00:00,-15.827597,-16.914585,0.7100946,0.0,0.0,199.03123,242.60095,21.647207,-0.8959765,-22.818487,3.103769269777971e-15
2012-11-11 12:00:00,-19.660095,-21.260899,0.71555567,0.0,0.0,160.35786,224.88557,31.100714,0.99152416,-32.43547,3.1011728489583255e-15
2012-11-12 12:00:00,-15.248255,-15.469899,0.7119762,0.0,0.0,209.26082,247.50015,24.671818,-10.037204,-23.604721,3.1031758552039987e-15
2012-11-13 12:00:00,-13.777276,-14.786667,0.7106764,0.0,0.0,207.3022,250.25024,20.426008,-1.0024139,-23.52445,3.1028914960669667e-15
2012-11-14 12:00:00,-15.998068,-18.272943,0.7098998,0.0,0.0,197.73604,235.85173,15.254779,2.3082063,-20.552706,3.1035089708068497e-15
2012-11-15 12:00:00,-18.613373,-21.336153,0.71103776,0.0,0.0,167.19054,224.46529,25.963564,3.3649418,-27.946243,3.103769248905497e-15
2012-11-16 12:00:00,-18.665745,-20.522282,0.7130527,0.0,0.0,165.6182,226.20657,34.03241,0.93147767,-25.62449,3.103769248905497e-15
2012-11-17 12:00:00,-16.327967,-18.411774,0.7102534,0.0,0.0,161.89017,233.15463,54.751377,-6.5116315,-23.02472,3.1037692508477968e-15
2012-11-18 12:00:00,-14.561995,-16.090595,0.7100178,0.0,0.0,179.27689,243.14687,45.27725,0.3137444,-18.278988,3.103769269777971e-15
2012-11-19 12:00:00,-18.20799,-20.990788,0.7149417,0.0,0.0,161.6976,225.03903,31.508392,1.2767075,-30.556332,3.103769269777971e-15
2012-11-20 12:00:00,-20.186535,-21.909212,0.71307117,0.0,0.0,155.08719,219.94026,39.700474,-0.5857898,-25.73839,3.103769269777971e-15
2012-11-21 12:00:00,-18.079988,-19.564333,0.7099437,0.0,0.0,181.1337,229.52438,28.004076,0.036678176,-20.349932,3.1011728489583255e-15
2012-11-22 12:00:00,-19.449724,-20.911222,0.71164215,0.0,0.0,165.87354,224.44458,30.64656,2.9331174,-24.991367,3.1031758552039987e-15
2012-11-23 12:00:00,-20.686167,-22.138685,0.717133,0.0,0.0,154.04227,219.33716,37.92174,0.66179264,-26.711357,3.1028914960669667e-15
2012-11-24 12:00:00,-19.313803,-21.406507,0.7136956,0.0,0.0,158.2628,222.9294,35.789852,1.5314702,-27.345274,3.1035089708068497e-15
2012-11-25 12:00:00,-16.891079,-17.461864,0.7114913,0.0,0.0,178.81877,237.91228,43.515957,-6.6728425,-22.250391,3.103769248905497e-15
2012-11-26 12:00:00,-19.583603,-22.143005,0.71734536,0.0,0.0,146.70605,219.52492,45.69696,-3.5860367,-30.70794,3.103769248905497e-15
2012-11-27 12:00:00,-5.69214,-6.894326,0.71713257,0.0,0.0,267.85336,283.619,37.82911,-5.4349556,16.628529,-2.287548770139125e-10
2012-11-28 12:00:00,-5.0404687,-6.5505667,0.7229994,0.0,0.0,236.34348,284.8656,55.928402,-11.418283,-4.0120068,-2.0976608382565671e-13
2012-11-29 12:00:00,-4.3539147,-5.8602557,0.7231015,0.0,0.0,271.32495,288.65543,31.98868,-9.360506,5.297699,-3.0027080576688323e-07
2012-11-30 12:00:00,-12.35523,-14.349633,0.72196496,0.0,0.0,203.6716,251.72957,25.008575,-2.7307036,-25.780096,3.103769269777971e-15
2012-12-01 12:00:00,-11.981207,-14.56988,0.7262178,0.0,0.0,183.00261,249.27885,53.49518,-3.953673,-16.73474,3.1011728489583255e-15
2012-12-02 12:00:00,-8.529155,-11.770547,0.72493905,0.0,0.0,196.75966,261.22372,71.31138,-18.725418,-11.878105,3.1031758552039987e-15
2012-12-03 12:00:00,-10.021135,-12.398124,0.72014457,0.0,0.0,210.65858,259.06412,44.56322,-9.425349,-13.267661,3.1028914960669667e-15
2012-12-04 12:00:00,-9.933906,-12.362856,0.7213327,0.0,0.0,207.2884,259.4684,50.04641,-14.827325,-16.960922,3.1035089708068497e-15
2012-12-05 12:00:00,-11.63212,-11.7185335,0.7169512,0.0,0.0,220.47269,262.15912,26.697412,-12.595146,-27.584166,3.103769248905497e-15
2012-12-06 12:00:00,-19.151592,-21.031271,0.7168427,0.0,0.0,167.48276,224.58347,24.635866,1.0389708,-31.425873,3.103769248905497e-15
2012-12-07 12:00:00,-16.838778,-17.613949,0.717087,0.0,0.0,180.54079,236.62036,41.63086,-1.9933279,-16.442043,3.1037692508477968e-15
2012-12-08 12:00:00,-14.566768,-15.288768,0.7164383,0.0,0.0,189.03903,245.5537,48.174213,-11.162283,-19.502733,3.103769269777971e-15
2012-12-09 12:00:00,-9.4640875,-10.30353,0.7141938,0.0,0.0,235.46303,267.69672,44.42351,-15.268243,-3.0784197,3.103769269777971e-15
2012-12-10 12:00:00,-18.416887,-18.458248,0.7156296,0.0,0.0,165.57773,233.27406,33.697533,-3.232494,-37.231297,3.103769269777971e-15
2012-12-11 12:00:00,-21.73656,-22.505686,0.71405566,0.0,0.0,165.2388,217.59518,24.796352,0.6871786,-26.872852,3.1011728489583255e-15
2012-12-12 12:00:00,-25.610033,-26.41037,0.7179678,0.0,0.0,137.5079,201.99417,31.141249,0.7133278,-32.631687,3.1031758552039987e-15
2012-12-13 12:00:00,-27.314962,-29.5216,0.71704006,0.0,0.0,133.95824,191.55357,23.978598,1.7318184,-31.884918,3.1028914960669667e-15
2012-12-14 12:00:00,-25.742018,-28.373928,0.7188616,0.0,0.0,135.48927,195.6432,30.757206,2.0146487,-27.382076,3.1035089708068497e-15
2012-12-15 12:00:00,-23.876938,-27.28483,0.71756226,0.0,0.0,140.76921,199.83517,31.011292,1.9943515,-26.06032,3.103769248905497e-15
2012-12-16 12:00:00,-21.388706,-23.430582,0.7138539,0.0,0.0,168.51746,213.12685,25.673122,1.3356482,-17.60062,3.103769248905497e-15
2012-12-17 12:00:00,-19.578512,-20.887676,0.7134,0.0,0.0,174.81291,221.96129,31.83745,1.4652927,-13.8456335,3.1037692508477968e-15
2012-12-18 12:00:00,-18.334883,-19.162231,0.7128615,0.0,0.0,190.32579,228.55971,24.492153,0.6994783,-13.042286,3.103769269777971e-15
2012-12-19 12:00:00,-20.54672,-21.766525,0.7178779,0.0,0.0,161.448,217.61656,35.37726,2.719608,-18.071697,3.103769269777971e-15
2012-12-20 12:00:00,-19.636091,-21.03091,0.71550936,0.0,0.0,171.03233,220.33102,34.449005,0.05688739,-14.792798,3.103769269777971e-15
2012-12-21 12:00:00,-21.365004,-23.626268,0.71958023,0.0,0.0,156.94302,210.63297,31.434439,1.3361901,-20.919313,3.1011728489583255e-15
2012-12-22 12:00:00,-21.870031,-23.921635,0.71920043,0.0,0.0,154.57974,209.46718,32.86065,2.3815463,-19.64524,3.1031758552039987e-15
2012-12-23 12:00:00,-22.342867,-25.03825,0.71825886,0.0,0.0,151.56998,206.3051,29.162262,3.057899,-22.514961,3.1028914960669667e-15
2012-12-24 12:00:00,-18.1574,-20.455557,0.71796715,0.0,0.0,160.91972,223.23769,54.97785,-2.7807553,-10.120866,3.1035089708068497e-15
2012-12-25 12:00:00,-15.72513,-17.660477,0.7118987,0.0,0.0,201.02403,236.2208,30.64246,-5.15857,-9.712872,3.103769248905497e-15
2012-12-26 12:00:00,-20.569157,-23.03959,0.7177083,0.0,0.0,156.88986,215.6266,29.856289,0.20057113,-28.67988,3.103769248905497e-15
2012-12-27 12:00:00,-22.644836,-27.163952,0.71921986,0.0,0.0,138.6503,202.325,29.349735,-1.2357169,-35.56068,3.1037692508477968e-15
2012-12-28 12:00:00,-22.689978,-23.936245,0.7132338,0.0,0.0,155.11781,215.2327,33.337627,-2.6949403,-29.472197,3.103769269777971e-15
2012-12-29 12:00:00,-22.076933,-21.564823,0.71170366,0.0,0.0,189.66287,223.18384,13.086599,-1.7123569,-22.146723,3.103769269777971e-15
2012-12-30 12:00:00,-24.200487,-23.844723,0.7118057,0.0,0.0,174.34839,213.2509,15.928268,0.83031696,-22.143927,3.103769269777971e-15
2012-12-31 12:00:00,-28.734623,-28.55242,0.7177886,0.0,0.0,131.4445,194.7733,32.10739,-0.24002132,-31.461426,3.103769269777971e-15
