t2m,ts,al2,swd,date,dailyQ,time,runoff
4.334596,-0.1313769,0.6114946,268.07437,2019-07-15,40063164.174720004,2019-07-15,10.766854001396505
4.384753,-0.2650774,0.6155379,299.69635,2019-07-16,35538295.50144,2019-07-16,9.550809253452204
4.3979697,-0.7076288,0.6164107,334.60098,2019-07-17,33104580.966720004,2019-07-17,8.89675584513601
3.0449321,-0.7814091,0.6212893,291.1154,2019-07-18,31421679.952320002,2019-07-18,8.44448129583118
2.1641376,-0.8047193,0.63124686,239.02115,2019-07-19,27742807.73088,2019-07-19,7.455795531389446
2.2226229,-0.37879857,0.6570698,216.31749,2019-07-20,30158022.522239998,2019-07-20,8.104877189722245
1.6389049,-0.58515,0.66073954,228.00145,2019-07-21,27561376.215359997,2019-07-21,7.407036361236615
1.803058,-0.66907454,0.66202706,228.94844,2019-07-22,27218356.61184,2019-07-22,7.314850881961687
3.155339,-0.28636506,0.6471405,180.8466,2019-07-23,32003117.73792,2019-07-23,8.600740939256966
3.8502755,-0.88165176,0.64056975,288.30765,2019-07-24,25978064.46336,2019-07-24,6.981526124498096
3.924924,-1.5007867,0.637465,328.04337,2019-07-25,27286827.60096,2019-07-25,7.3332522528561865
3.7951627,-1.3652436,0.6356357,320.67014,2019-07-26,25006577.63616,2019-07-26,6.720441982788128
3.0606637,-1.2064501,0.63852316,288.25095,2019-07-27,25357186.615679998,2019-07-27,6.814667083871193
2.1830144,-1.7487183,0.63810986,304.23337,2019-07-28,25453354.43808,2019-07-28,6.840511894802688
2.7474658,-1.4020835,0.6370614,296.09955,2019-07-29,24664396.22496,2019-07-29,6.628481765159911
4.320376,-1.0675405,0.63051605,292.4254,2019-07-30,28030637.35584,2019-07-30,7.533148871123319
5.1975965,-0.15783969,0.61346954,277.047,2019-07-31,31345968.608639996,2019-07-31,8.42413410158319
4.68651,-0.047882576,0.6005376,258.83707,2019-08-01,38373880.68864,2019-08-01,10.312864182163242
3.9406195,-0.11416463,0.60564506,230.26689,2019-08-02,39272598.999359995,2019-08-02,10.554392005519984
3.0923529,-1.0145606,0.61279684,280.7527,2019-08-03,29311975.967040002,2019-08-03,7.877504741093467
3.9916358,-0.52602184,0.6108096,233.34558,2019-08-04,22580338.68864,2019-08-04,6.068397615884791
3.5855944,-0.44909102,0.6113349,252.54431,2019-08-05,24565904.15616,2019-08-05,6.602012320049676
3.4027631,-1.0124172,0.61292696,232.8516,2019-08-06,24365126.66976,2019-08-06,6.5480539788310805
4.082662,-0.040808436,0.60044694,117.0822,2019-08-07,30872707.75296,2019-08-07,8.296946680353546
3.4886756,-0.022624712,0.5972436,167.30893,2019-08-08,39044490.281279996,2019-08-08,10.493088478586811
2.7056715,-0.8560591,0.6157421,220.8676,2019-08-09,31389055.60608,2019-08-09,8.435713601613987
3.5172648,-0.5472344,0.61200064,200.91768,2019-08-10,24513012.43488,2019-08-10,6.587797830190094
3.471472,-0.33388054,0.61194265,182.76326,2019-08-11,27782800.90848,2019-08-11,7.46654357671091
2.603055,-1.2552145,0.6157203,235.19275,2019-08-12,29997630.56448,2019-08-12,8.061772336978493
2.8951795,-1.3618326,0.6154124,216.89545,2019-08-14,13530576.743999999,2019-08-14,3.6363015093367124
2.584898,-1.9619849,0.622217,228.38191,2019-08-15,14146135.263360001,2019-08-15,3.8017309965924144
2.065148,-2.4019163,0.6244268,221.859,2019-08-16,11057042.22048,2019-08-16,2.9715465996643835
1.735634,-2.4443996,0.62322754,215.30826,2019-08-17,8905922.01504,2019-08-17,2.3934395612282864
0.5566217,-2.8735485,0.6261428,195.47833,2019-08-18,8459186.907168001,2019-08-18,2.2733808543628156
-0.107333705,-1.1117493,0.68209326,100.669334,2019-08-19,7726860.303264,2019-08-19,2.0765702981325047
-1.9402103,-3.1406903,0.77464306,138.39043,2019-08-20,9931096.29888,2019-08-20,2.668952044265171
-3.0061002,-5.0741267,0.766906,149.77101,2019-08-21,9098736.76512,2019-08-21,2.4452579411838333
-1.4117501,-3.22094,0.7455449,124.174126,2019-08-22,6532465.874688,2019-08-22,1.7555804138468842
-2.1186233,-4.318453,0.73595417,147.34717,2019-08-23,6695726.813568001,2019-08-23,1.799456296575115
-0.68143994,-2.823557,0.7054318,110.471146,2019-08-24,5842189.908864,2019-08-24,1.570070839209001
-1.2064346,-3.0714343,0.7029324,135.48112,2019-08-25,4275083.136096001,2019-08-25,1.1489156415464188
-2.7184007,-4.732789,0.6988822,119.391106,2019-08-26,3809144.4989759997,2019-08-26,1.0236960443722578
-2.6891441,-3.87037,0.7061646,105.24471,2019-08-27,3825842.1742080003,2019-08-27,1.0281834940055827
-2.6922588,-4.237751,0.7300504,94.46678,2019-08-28,3754261.970496,2019-08-28,1.0089465311087868
0.5403847,-1.4887458,0.70536935,77.10677,2019-08-29,3327886.459296,2019-08-29,0.8943594041699229
2.3995981,-1.0236846,0.68480855,95.80987,2019-08-30,17994247.36416,2019-08-30,4.835899465903297
1.634725,-2.3591413,0.68034285,107.73019,2019-08-31,13795007.24448,2019-08-31,3.7073664052537683
-0.5692392,-4.501779,0.6782698,131.4769,2019-09-01,6415864.298496,2019-09-01,1.724244093487441
-2.4454389,-5.9038234,0.6782397,132.63602,2019-09-02,4836729.031776,2019-09-02,1.299856274515342
-3.9639924,-6.699383,0.67314035,108.41854,2019-09-03,4516768.024416,2019-09-03,1.2138677231028536
-5.619412,-8.389476,0.6746298,127.53175,2019-09-04,3265597.8947520005,2019-09-04,0.8776195411506911
-5.420612,-8.414425,0.67098266,101.14942,2019-09-05,2772144.0864,2019-09-05,0.7450053250645945
-6.240808,-9.563612,0.6736486,123.54146,2019-09-06,3510149.580864,2019-09-06,0.943342065928819
-9.098549,-11.012141,0.6746793,117.504425,2019-09-07,2967899.05872,2019-09-07,0.797613880839797
-8.525506,-12.191125,0.67624676,113.882385,2019-09-08,1223101.885248,2019-09-08,0.32870492629755127
-8.364565,-10.867435,0.67363995,75.94203,2019-09-09,995160.434112,2019-09-09,0.2674463518488465
-9.285198,-11.323028,0.67921,85.32262,2019-09-10,1218589.592544,2019-09-10,0.32749226130325226
-11.200371,-13.09023,0.72333497,91.76474,2019-09-11,1071904.561056,2019-09-11,0.2880711034702394
-12.154703,-14.560867,0.7367051,90.65527,2019-09-12,1092920.8176,2019-09-12,0.293719158748108
-13.166547,-16.298552,0.74482685,92.29709,2019-09-13,789776.2337184,2019-09-13,0.212249970200419
-12.632773,-16.042624,0.74137425,84.09486,2019-09-14,701692.5996864,2019-09-14,0.1885777604019374
-10.781933,-14.000622,0.7393924,61.465416,2019-09-15,866297.0018879999,2019-09-15,0.23281469482785289
-11.488027,-14.7271185,0.7447447,80.328255,2019-09-16,883086.116832,2019-09-16,0.2373267186067629
-10.652974,-13.746953,0.7445581,76.5327,2019-09-17,756404.9256096,2019-09-17,0.2032815322438936
-13.680342,-17.294432,0.7485654,77.06948,2019-09-18,677499.6092832,2019-09-18,0.1820759675232609
-15.317611,-19.207188,0.7475511,73.79054,2019-09-19,669404.3794272,2019-09-19,0.1799003990237988
-16.280848,-20.662786,0.7487387,71.64511,2019-09-20,645118.6898591999,2019-09-20,0.1733736935254126
-15.99883,-20.73595,0.74763244,67.10236,2019-09-21,645118.6898591999,2019-09-21,0.1733736935254126
-11.198527,-15.6748705,0.7446039,50.403965,2019-09-22,645118.6898591999,2019-09-22,0.1733736935254126
-5.83533,-9.640803,0.74537337,30.002123,2019-09-23,645118.6898591999,2019-09-23,0.1733736935254126
-7.806794,-10.685939,0.75132537,38.57368,2019-09-24,717697.6610688,2019-09-24,0.19287907216144207
-1.4596758,-4.3479,0.7646911,36.138603,2019-09-27,790276.6322784,2019-09-27,0.2123844507974715
-0.6727531,-4.982518,0.7550783,37.9864,2019-09-28,790276.6322784,2019-09-28,0.2123844507974715
-2.666826,-6.6264033,0.74691945,28.63015,2019-09-29,790276.6322784,2019-09-29,0.2123844507974715
-25.135431,-29.910242,0.8094533,91.61186,2020-03-31,1201802.1096959999,2020-03-31,0.3229806761451979
-21.792595,-22.700453,0.8094559,63.167553,2020-04-01,1175968.22544,2020-04-01,0.3160378980146367
-20.215462,-21.243395,0.8094705,69.15036,2020-04-02,839404.2064896,2020-04-02,0.225587337535722
-20.232786,-24.015236,0.8098481,85.48655,2020-04-03,839404.2064896,2020-04-03,0.225587337535722
-18.817072,-23.030197,0.8098296,89.17322,2020-04-04,645118.6898591999,2020-04-04,0.1733736935254126
-14.203724,-15.395674,0.8094923,67.23073,2020-04-05,790276.6322784,2020-04-05,0.2123844507974715
-17.665554,-20.993097,0.809527,120.654816,2020-04-06,645118.6898591999,2020-04-06,0.1733736935254126
-17.557095,-23.982595,0.81254464,129.157,2020-04-07,645118.6898591999,2020-04-07,0.1733736935254126
-21.182995,-24.66865,0.81497467,143.41823,2020-04-10,839404.2064896,2020-04-10,0.225587337535722
-20.89715,-25.164375,0.8130396,137.82442,2020-04-11,645118.6898591999,2020-04-11,0.1733736935254126
-18.98851,-23.979513,0.8095449,141.86812,2020-04-12,742261.4482176001,2020-04-12,0.19948051554217722
-13.213389,-13.761443,0.80959135,87.50562,2020-04-14,839404.2064896,2020-04-14,0.225587337535722
-16.422482,-19.445791,0.8121926,134.94121,2020-04-18,839404.2064896,2020-04-18,0.225587337535722
1.351125,-1.3820168,0.70099914,218.25658,2020-06-22,16006248.61344,2020-06-22,4.301630824249996
-0.24684125,-1.3733798,0.7210867,303.6979,2020-06-23,13557867.773759998,2020-06-23,3.64363589090708
2.3863423,-1.7669249,0.704272,387.9323,2020-06-24,13848480.023039998,2020-06-24,3.7217370524970477
2.8080432,-1.3786582,0.69754267,374.33594,2020-06-25,17663368.44672,2020-06-25,4.7469767592324
3.546201,-0.40626764,0.6727187,350.88516,2020-06-26,20563732.28448,2020-06-26,5.526440754035807
4.642013,-0.56058323,0.66196084,385.34198,2020-06-27,20914622.41824,2020-06-27,5.620741414469122
4.8287373,-0.84247494,0.6564144,391.43402,2020-06-28,22615850.47104,2020-06-28,6.077941299822552
4.7056136,-0.57865804,0.6534629,356.4661,2020-06-29,26141414.40288,2020-06-29,7.025425925878702
3.6744478,-0.5472106,0.6507491,308.9393,2020-06-30,27770585.37408,2020-06-30,7.463260688847629
3.622125,-0.020869812,0.6304084,293.0908,2020-07-01,23561642.0592,2020-07-01,6.332119923883735
3.550101,-0.52702564,0.6532379,341.29916,2020-07-02,24154617.85632,2020-07-02,6.491480372951346
3.063796,-0.5933284,0.6546828,324.35068,2020-07-03,23351281.2576,2020-07-03,6.275586095737602
1.9510388,-0.8728895,0.6526055,365.07864,2020-07-04,23823978.465600003,2020-07-04,6.402622038360809
2.1461568,-0.48306403,0.6482929,312.4581,2020-07-05,23485572.91584,2020-07-05,6.311676572055694
3.0936766,-0.9550371,0.6442559,374.96313,2020-07-06,19910144.07936,2020-07-06,5.350790903942283
3.8120232,-0.766337,0.6383644,370.5084,2020-07-07,22764634.88256,2020-07-07,6.117926659679135
4.340963,-0.6970294,0.63101554,375.15057,2020-07-08,24751252.244159997,2020-07-08,6.651824057191327
3.9751558,-1.0290692,0.63343424,369.98953,2020-07-09,26485896.283200003,2020-07-09,7.118004387613693
3.6148458,-0.7740524,0.63117564,340.16336,2020-07-10,27134409.68064,2020-07-10,7.292290398517246
2.8334444,-0.4236607,0.6316206,270.11243,2020-07-11,31171818.539520003,2020-07-11,8.377331798091364
3.5919018,-0.8006069,0.62692183,355.51562,2020-07-12,28929155.39136,2020-07-12,7.774622871126791
4.190531,-0.5757442,0.62131286,356.65247,2020-07-13,27087813.83232,2020-07-13,7.2797679054424425
1.9885778,-0.7575135,0.6376655,325.99716,2020-07-14,28465153.3584,2020-07-14,7.649923730453725
1.4216195,-0.43352285,0.65362376,166.48808,2020-07-15,20333608.55424,2020-07-15,5.464595698689073
2.1508307,-0.18853454,0.68345195,240.59195,2020-07-16,21801749.451840002,2020-07-16,5.859154117215407
2.8960319,-0.90296143,0.66292924,265.74945,2020-07-17,24310481.72832,2020-07-17,6.533368316364844
4.962281,-0.00700893,0.61198974,231.85484,2020-07-18,32892503.2848,2020-07-18,8.839760610605131
3.9475024,-0.00375976,0.60972905,129.16058,2020-07-19,37524329.861760005,2020-07-19,10.084549971136587
3.4126847,-0.096835494,0.6127291,276.02213,2020-07-20,33021411.88608,2020-07-20,8.874404406673085
3.8584998,-0.2099797,0.61218154,303.99908,2020-07-21,30154667.72256,2020-07-21,8.103975597471544
4.3290315,-0.7276375,0.61154723,332.6911,2020-07-22,28046122.0416,2020-07-22,7.537310333510772
4.5922375,-0.7632771,0.60943806,332.8176,2020-07-23,27808477.49376,2020-07-23,7.473444081218205
4.5018773,-0.91654074,0.60828537,327.95282,2020-07-24,27361935.50976,2020-07-24,7.353437275808269
4.441948,-0.886208,0.60991323,324.63565,2020-07-25,25216520.66784,2020-07-25,6.776863536533887
3.4962633,-0.9805593,0.6093202,318.38098,2020-07-26,23983540.74144,2020-07-26,6.445503916602064
3.1580799,-1.1880978,0.60792917,315.55185,2020-07-27,25359918.27264,2020-07-27,6.815401208403694
3.1467683,-1.0942172,0.61373305,304.69122,2020-07-28,23844850.29504,2020-07-28,6.408231279292015
3.1612163,-0.83615446,0.6085305,265.11438,2020-07-29,22863145.59648,2020-07-29,6.144401115608885
2.1248562,-1.0912651,0.6104266,278.8164,2020-07-30,21459430.336319998,2020-07-30,5.767156891968363
1.2023098,-1.4884337,0.61763835,282.27817,2020-07-31,19568942.77248,2020-07-31,5.259094086380859
1.2049011,-1.6995219,0.61555165,271.64716,2020-08-01,16913786.731200002,2020-08-01,4.545528944029308
0.4573544,-1.3495095,0.63277155,159.70888,2020-08-02,14839119.518399999,2020-08-02,3.987968415752388
-2.7234416,-2.7479858,0.8134319,169.6074,2020-08-03,11933811.70848,2020-08-03,3.2071757434086474
-5.925127,-8.241638,0.850105,270.8516,2020-08-04,7763864.144544,2020-08-04,2.086514968374103
-6.3769555,-9.665393,0.8491905,279.28955,2020-08-05,5557990.982976,2020-08-05,1.493693238851598
-4.3746,-8.752858,0.845888,280.1048,2020-08-06,4973265.934848,2020-08-06,1.336550153580108
-1.9701481,-7.2440157,0.84537435,271.6771,2020-08-07,4459777.16832,2020-08-07,1.1985516031797194
-1.3611035,-6.7200017,0.8408661,262.48828,2020-08-08,3947088.534912,2020-08-08,1.060768086131343
-1.4420896,-6.5978613,0.8400853,236.0357,2020-08-09,3935015.150112,2020-08-09,1.0575234005424223
0.006620443,-5.1348495,0.83869696,208.9174,2020-08-10,3863868.6752640004,2020-08-10,1.0384030009638539
-1.2684343,-5.9414496,0.8387307,236.77396,2020-08-11,3455220.9873599997,2020-08-11,0.928580172829701
-4.080042,-8.340159,0.838078,210.46477,2020-08-12,3095530.851168,2020-08-12,0.8319145384022189
-2.1622975,-3.9543998,0.8272104,157.37769,2020-08-13,2644038.441792,2020-08-13,0.7105773211696984
-2.8201928,-6.2555404,0.82791495,224.02351,2020-08-14,2561505.48288,2020-08-14,0.6883968384940569
-3.3174157,-7.5645537,0.82755685,218.82451,2020-08-15,2375492.740416,2020-08-15,0.6384064774787626
-3.0300026,-7.299194,0.8225102,222.25853,2020-08-16,2241840.9743999997,2020-08-16,0.6024879702573309
-2.934488,-7.6156707,0.8192251,200.06181,2020-08-17,2105504.4096,2020-08-17,0.5658479314962439
1.8948439,-2.088979,0.75817215,113.35466,2020-08-18,1947913.360992,2020-08-18,0.5234958146017932
3.5223117,-0.14089347,0.6344334,97.123436,2020-08-19,11960206.26048,2020-08-19,3.2142691992968766
4.005399,-0.036021173,0.60402596,90.19928,2020-08-20,38745142.83648,2020-08-20,10.412639759663946
1.2321894,-0.792544,0.65435076,151.70877,2020-08-21,32067367.845119998,2020-08-21,8.618007960922544
-0.8311889,-2.2356572,0.66541374,103.464355,2020-08-22,12227257.08288,2020-08-22,3.2860382987917185
-1.3713247,-1.8703375,0.8131298,90.75094,2020-08-23,7257556.483775999,2020-08-23,1.9504463183916967
-3.1164272,-4.2310853,0.8574336,133.49255,2020-08-24,5869380.848544,2020-08-24,1.5773783218735897
-3.1862402,-3.792647,0.83622664,66.76723,2020-08-25,5698379.3932799995,2020-08-25,1.5314221988168992
-1.7865704,-2.4341938,0.8067843,55.06053,2020-08-26,3711683.818944,2020-08-26,0.9975037818688508
-1.1261586,-2.1739078,0.7957393,97.953255,2020-08-27,3801318.0137279998,2020-08-27,1.0215927001720393
-2.0530171,-4.3914027,0.7942683,149.47667,2020-08-28,4206802.0248,2020-08-28,1.130565299741888
-6.65946,-9.598619,0.7988188,150.36652,2020-08-29,4139869.9104,2020-08-29,1.112577496766398
-7.3037615,-10.77134,0.79965675,155.38425,2020-08-30,3582512.246304,2020-08-30,0.9627893130445624
-7.9289265,-11.2971735,0.7944759,134.54047,2020-08-31,3026592.1797120003,2020-08-31,0.8133874792967537
-9.61876,-12.9137,0.7964223,136.74731,2020-09-01,2661313.260384,2020-09-01,0.7152198763325788
-10.147749,-14.118452,0.801787,136.47095,2020-09-02,2199245.408928,2020-09-02,0.5910405410791498
-11.747616,-14.772634,0.8025848,123.426094,2020-09-03,1488997.728,2020-09-03,0.40016362851098103
-13.456771,-16.52781,0.80806315,127.33585,2020-09-04,1174839.472512,2020-09-04,0.3157345490847713
-13.661238,-17.299341,0.8137659,129.34102,2020-09-05,1159417.067328,2020-09-05,0.31158982441344124
-12.74178,-16.501118,0.8125343,101.45622,2020-09-06,1056930.247008,2020-09-06,0.2840468019342262
-13.758695,-17.332943,0.8090564,116.72491,2020-09-07,932968.138176,2020-09-07,0.2507323607263708
-9.100002,-10.526612,0.80323,71.10994,2020-09-08,823327.3819583999,2020-09-08,0.22126673964738228
-10.140757,-12.936774,0.79366827,108.640076,2020-09-09,687456.4230431999,2020-09-09,0.1847518310572915
-11.028888,-13.423183,0.79321474,62.063915,2020-09-10,645118.6898591999,2020-09-10,0.1733736935254126
-7.3020425,-8.962951,0.7934094,62.772247,2020-09-11,645118.6898591999,2020-09-11,0.1733736935254126
-7.9769626,-10.072133,0.7919329,68.01207,2020-09-12,606776.1813216,2020-09-12,0.16306926051380008
-10.7917185,-13.280946,0.79143655,68.768555,2020-09-13,513658.6605504,2020-09-13,0.13804420890421829
-11.373789,-14.674505,0.7913637,82.945625,2020-09-14,513658.6605504,2020-09-14,0.13804420890421829
-14.758257,-18.90219,0.79392344,89.66957,2020-09-15,513658.6605504,2020-09-15,0.13804420890421829
-16.953165,-21.63992,0.79774404,88.47172,2020-09-16,513658.6605504,2020-09-16,0.13804420890421829
-15.711934,-19.99213,0.79234254,69.06794,2020-09-17,513658.6605504,2020-09-17,0.13804420890421829
-14.969761,-19.10362,0.7902396,75.11416,2020-09-18,513658.6605504,2020-09-18,0.13804420890421829
-18.037802,-22.078548,0.79018587,62.475216,2020-09-19,513658.6605504,2020-09-19,0.13804420890421829
-13.67735,-16.645384,0.7899714,44.98168,2020-09-20,513658.6605504,2020-09-20,0.13804420890421829
-18.488596,-22.22161,0.7914971,62.85661,2020-09-21,513658.6605504,2020-09-21,0.13804420890421829
-19.729837,-23.417923,0.79644644,60.773262,2020-09-22,513658.6605504,2020-09-22,0.13804420890421829
-18.142864,-21.406708,0.7921298,48.239407,2020-09-23,513658.6605504,2020-09-23,0.13804420890421829
-16.087347,-19.307081,0.79150605,49.075592,2020-09-24,513658.6605504,2020-09-24,0.13804420890421829
-18.89833,-23.01104,0.7987783,53.03007,2020-09-25,618826.684032,2020-09-25,0.16630779661046166
-18.347092,-22.328577,0.7940386,34.841953,2020-09-26,513658.6605504,2020-09-26,0.13804420890421829
-18.751842,-22.7593,0.79495794,41.332367,2020-09-27,513658.6605504,2020-09-27,0.13804420890421829
-18.02977,-21.871927,0.79489577,40.810642,2020-09-28,513658.6605504,2020-09-28,0.13804420890421829
-17.106026,-21.246748,0.7952679,38.49166,2020-09-29,513658.6605504,2020-09-29,0.13804420890421829
-18.389065,-22.993288,0.8000226,36.50806,2020-09-30,513658.6605504,2020-09-30,0.13804420890421829
-24.756481,-29.220596,0.8120942,114.16499,2021-04-05,690895.0651968,2021-04-05,0.1856759557187735
-20.70779,-23.803646,0.80839604,87.705315,2021-04-06,676125.3648384,2021-04-06,0.18170664349196713
-20.839066,-23.71542,0.8088534,122.2833,2021-04-07,668740.5146592,2021-04-07,0.17972198737856396
-20.970982,-24.634596,0.80853677,106.26253,2021-04-08,624431.4134976,2021-04-08,0.16781405067492516
-18.313528,-22.76196,0.80977154,129.28918,2021-04-09,591199.5875616,2021-04-09,0.15888309812978124
-14.193913,-16.640402,0.8091388,80.316444,2021-04-10,594892.0126944,2021-04-10,0.15987542619809272
-13.996315,-15.198293,0.80852205,65.78663,2021-04-11,603939.6661248,2021-04-11,0.1623069556478265
-17.928825,-19.011332,0.80958223,136.24886,2021-04-12,873329.8849920001,2021-04-12,0.23470476085607334
-24.483809,-27.36638,0.8098286,147.52155,2021-04-13,869355.89712,2021-04-13,0.23363676365459057
-29.938913,-32.697914,0.8103448,161.86638,2021-04-14,895715.6523839999,2021-04-14,0.24072086802543596
-27.352732,-30.66835,0.81309956,166.41052,2021-04-15,1001154.672576,2021-04-15,0.2690572852766202
-24.113848,-27.679808,0.81317586,171.35403,2021-04-16,992368.0872000001,2021-04-16,0.266695917075606
-19.589903,-22.204515,0.8091008,165.53091,2021-04-17,983581.502688,2021-04-17,0.2643345491067891
-19.527443,-20.529926,0.80925494,134.6489,2021-04-18,849415.186656,2021-04-18,0.22827775812737655
-19.960562,-21.701195,0.8090333,153.31572,2021-04-19,817025.8658688,2021-04-19,0.21957322628862003
-23.285408,-26.014353,0.8108709,192.51054,2021-04-20,763242.286896,2021-04-20,0.20511905237596345
-20.548206,-23.541824,0.81079185,170.03235,2021-04-21,731308.9474656,2021-04-21,0.1965370641454605
-14.221036,-16.570614,0.80919564,138.65614,2021-04-22,692963.9372159999,2021-04-22,0.1862319588063268
-13.68841,-15.196338,0.8090691,140.60292,2021-04-23,762499.5228576001,2021-04-23,0.20491943679083235
-9.731602,-13.196563,0.8091886,189.34244,2021-04-24,769164.8664096,2021-04-24,0.20671072767790655
-7.907885,-11.960136,0.8116937,211.75859,2021-04-25,815118.5169216,2021-04-25,0.21906063203733578
-5.4955354,-9.825813,0.81296784,205.35681,2021-04-26,791077.3730495999,2021-04-26,0.21259964745390322
-1.7903197,-4.2420926,0.80061364,140.20717,2021-04-27,833216.3255808,2021-04-27,0.2239243632875442
-5.041186,-6.8318424,0.81110555,187.41608,2021-04-28,839404.2064896,2021-04-28,0.225587337535722
-8.07694,-11.454723,0.8098985,226.72641,2021-04-29,839404.2064896,2021-04-29,0.225587337535722
-5.7141576,-9.888964,0.8105777,221.24887,2021-04-30,839404.2064896,2021-04-30,0.225587337535722
-4.2807927,-8.380569,0.81061167,193.88045,2021-05-01,805472.3788128,2021-05-01,0.21646826164337946
-3.339003,-8.045866,0.81097287,226.70529,2021-05-02,811548.3646368,2021-05-02,0.21810116442650118
-6.155095,-9.881785,0.8090634,249.1237,2021-05-03,823213.7467776,2021-05-03,0.22123620053679785
-10.664523,-14.914845,0.8129128,267.35977,2021-05-04,763952.6665728,2021-05-04,0.20530996476202235
-9.615065,-14.076314,0.81110376,250.41693,2021-05-05,730619.323488,2021-05-05,0.19635172979068263
-5.987353,-7.779325,0.8106303,173.29543,2021-05-06,758961.7549344001,2021-05-06,0.20396867237906996
-6.8221703,-7.4058876,0.8265489,156.83134,2021-05-07,777132.0533664,2021-05-07,0.20885188503611202
-10.112034,-9.622196,0.8241647,193.72232,2021-05-08,1063624.59072,2021-05-08,0.285845886526445
-11.78619,-12.939809,0.8186507,254.55591,2021-05-09,1070404.080768,2021-05-09,0.28766785393851463
-13.3536415,-15.833977,0.8174285,270.7631,2021-05-10,848489.3557056,2021-05-10,0.22802894386424302
-11.754562,-12.235036,0.8171617,193.58842,2021-05-11,1047839.7254400001,2021-05-11,0.2816037518023806
-11.98911,-12.005739,0.81468785,189.394,2021-05-12,1020664.05264,2021-05-12,0.27430037206554114
-11.156826,-11.695598,0.8128877,236.3094,2021-05-13,1001154.672576,2021-05-13,0.2690572852766202
0.50696504,-3.060763,0.70624894,326.72562,2021-06-15,9894708.20448,2021-06-15,2.65917285413218
1.0345806,-0.8294831,0.68630177,229.87463,2021-06-16,9879433.24608,2021-06-16,2.6550677553373627
0.53926814,-2.0098693,0.69086826,339.14688,2021-06-17,9900577.86624,2021-06-17,2.6607503079481565
-0.41961288,-3.6723776,0.69112384,377.30057,2021-06-18,9840878.991360001,2021-06-18,2.6447064161807115
0.009075524,-3.881827,0.68907934,396.65884,2021-06-19,9183742.632,2021-06-19,2.468103010384249
-0.63438344,-3.9669025,0.6883362,395.16068,2021-06-20,8529881.5152,2021-06-20,2.292379816103505
-1.0134202,-2.7767808,0.68933135,274.0161,2021-06-21,8045384.138208,2021-06-21,2.162172613812078
-0.3910218,-2.89672,0.686494,331.661,2021-06-22,7435848.46608,2021-06-22,1.9983617485038805
1.9766892,-2.5471473,0.68529785,365.86862,2021-06-23,7321864.025376,2021-06-23,1.9677287753782782
1.4820703,-2.2769897,0.68211013,385.9616,2021-06-24,12455463.66624,2021-06-24,3.3473681267224107
0.70069945,-2.114642,0.6800864,355.15622,2021-06-25,16928396.35776,2021-06-25,4.549455236907734
0.96737576,-1.8912382,0.67968166,368.8775,2021-06-26,15988770.46368,2021-06-26,4.296933624451702
1.217791,-1.1736133,0.6814984,299.10864,2021-06-27,15710758.375680001,2021-06-27,4.222218718033798
0.5084742,-2.5127392,0.67936003,363.8691,2021-06-28,13877694.86112,2021-06-28,3.729588451725277
0.76459324,-1.6858083,0.68399495,315.58838,2021-06-29,16880806.14912,2021-06-29,4.536665512509326
-0.89381033,-2.06398,0.6923142,293.15613,2021-06-30,16612726.311360002,2021-06-30,4.464619868253865
-2.0163274,-2.7515888,0.72061604,195.5095,2021-07-01,11459426.60736,2021-07-01,3.0796861846228816
-4.3016095,-4.919595,0.7492055,303.74246,2021-07-02,5847975.081792001,2021-07-02,1.571625586907335
-4.2013254,-4.8236804,0.7418966,314.98578,2021-07-03,4357898.159903999,2021-07-03,1.1711719283083502
-4.2948365,-5.054485,0.73255354,310.38187,2021-07-04,2888711.5795199997,2021-07-04,0.7763324857016911
-3.446121,-6.2228312,0.7296527,357.63568,2021-07-05,3969955.319616,2021-07-05,1.0669134652460734
-1.1920798,-4.512082,0.7178667,348.9332,2021-07-06,3360672.479808,2021-07-06,0.9031705478579253
0.12959981,-3.494189,0.7063024,374.33167,2021-07-07,4426490.404512,2021-07-07,1.1896058862479086
-0.20108475,-2.0844193,0.700282,262.0606,2021-07-08,7582086.328319999,2021-07-08,2.0376627309561837
1.4275045,-1.1321084,0.6907877,315.44995,2021-07-09,9215162.49312,2021-07-09,2.4765470028744048
0.75650686,-2.604362,0.69609666,359.0105,2021-07-10,13412256.886079999,2021-07-10,3.60450340596837
-0.10053167,-3.298523,0.6898523,343.57407,2021-07-11,11095639.59744,2021-07-11,2.981919527792397
0.9320651,-2.8244045,0.69022715,318.8012,2021-07-12,10600030.25856,2021-07-12,2.8487260194070374
2.453333,-0.32834774,0.67770135,209.46336,2021-07-13,19491749.18496,2021-07-13,5.238348543591298
0.6747321,-0.8075881,0.6884457,216.63364,2021-07-14,19868669.098559998,2021-07-14,5.3396446284999115
-0.639402,-1.8024464,0.7096963,219.96248,2021-07-15,16311964.97376,2021-07-15,4.383791169924359
-0.22354032,-1.5749874,0.71337104,209.1006,2021-07-16,10991544.912,2021-07-16,2.9539443964331777
-2.7569978,-3.370424,0.7112008,188.99254,2021-07-17,7944563.286144,2021-07-17,2.1350773152546454
-2.463208,-3.6011336,0.7156067,296.94238,2021-07-18,5051174.780448,2021-07-18,1.357487919811809
-1.401995,-4.1186028,0.71484345,319.0059,2021-07-19,4498997.677632,2021-07-19,1.209091996239566
0.86625886,-1.090855,0.70479304,164.48547,2021-07-20,7588903.480128,2021-07-20,2.0394948198521576
0.14564204,-1.4977373,0.7058114,192.01682,2021-07-21,10670983.31232,2021-07-21,2.8677944376541715
1.575235,-1.2020252,0.6927457,223.39836,2021-07-22,11323698.523200002,2021-07-22,3.043209673190415
1.0704428,-2.3464296,0.69089174,303.39005,2021-07-23,15286367.54592,2021-07-23,4.10816496821938
-0.34319875,-3.7076378,0.6920985,311.4089,2021-07-24,14501310.655679999,2021-07-24,3.8971833072816233
0.49741942,-2.6966279,0.69379973,281.82062,2021-07-25,15115324.032,2021-07-25,4.062197542026305
0.6634196,-3.0254292,0.69455844,256.49985,2021-07-26,14977072.40256,2021-07-26,4.025042835444868
4.110579,-0.074680306,0.63995534,189.28722,2021-07-27,24810989.515199997,2021-07-27,6.667878267810451
4.611529,-0.020301307,0.6293477,180.42981,2021-07-28,45528899.02272,2021-07-28,12.235753683461427
3.8238196,-0.016274584,0.62869513,179.77263,2021-07-29,63476241.02784,2021-07-29,17.059047476221576
2.8819516,-0.19839999,0.6450282,157.60042,2021-07-30,40298551.945920005,2021-07-30,10.830113751803928
2.9713228,-0.0017477991,0.62026393,161.0867,2021-07-31,39727159.0416,2021-07-31,10.676553639791372
2.8424544,-0.04943597,0.62385446,186.6924,2021-08-01,33467834.4912,2021-08-01,8.994379129370678
2.464383,-0.28749007,0.6265986,187.90533,2021-08-02,26487367.05312,2021-08-02,7.118399652574023
3.0736153,-0.5918832,0.62660646,216.60016,2021-08-03,29957885.51904,2021-08-03,8.051090976423318
2.3284106,-0.67196107,0.62618023,241.11664,2021-08-04,33089153.11488,2021-08-04,8.892609656692379
2.413112,-1.304695,0.6266969,269.53555,2021-08-05,24140595.9312,2021-08-05,6.487712023054489
1.9627597,-1.8676223,0.6319082,273.26572,2021-08-06,19340758.55808,2021-08-06,5.197770270040401
2.3009899,-0.6865828,0.63700384,240.78639,2021-08-07,18229840.92288,2021-08-07,4.8992145210832945
0.9637034,-2.3120618,0.6421083,252.97513,2021-08-08,21435257.11104,2021-08-08,5.760660410906669
0.40870783,-2.4618294,0.6415538,240.22957,2021-08-09,14636196.90144,2021-08-09,3.9334335771944233
0.93948793,-2.3257358,0.6402514,182.98,2021-08-10,14562967.622399999,2021-08-10,3.9137534302990677
3.1259348,-0.044413134,0.62764883,111.49034,2021-08-11,15227704.3824,2021-08-11,4.092399420742267
1.3484325,-1.2329159,0.6556803,182.95195,2021-08-12,21635228.75328,2021-08-12,5.814402183948554
0.01729332,-3.0967422,0.65533805,220.56282,2021-08-13,14812107.577920001,2021-08-13,3.980709038580526
1.0934511,-1.7476027,0.64038163,125.28374,2021-08-14,9011638.022400001,2021-08-14,2.4218504179417435
1.0609924,-0.41331324,0.6659614,94.92919,2021-08-15,25338946.124160003,2021-08-15,6.809765007034401
0.8200585,-0.63962626,0.68585205,96.38556,2021-08-16,20266805.19744,2021-08-16,5.446642498928514
1.1341444,-0.63885105,0.7209682,127.62008,2021-08-17,13308830.539199999,2021-08-17,3.576707888572432
-0.3739615,-2.4439266,0.70020753,165.97276,2021-08-18,13692935.96064,2021-08-18,3.6799350569446934
-0.7890829,-3.6841986,0.6913606,199.82893,2021-08-19,9352512.9792,2021-08-19,2.5134595299078373
0.30283013,-3.0575786,0.6844514,128.833,2021-08-20,6212722.796639999,2021-08-20,1.669650430276783
-0.6712288,-1.6884981,0.6865847,116.671326,2021-08-21,8722646.92224,2021-08-21,2.3441849352665365
-5.31223,-7.4081154,0.7173197,191.792,2021-08-22,6563753.676864,2021-08-22,1.7639889158959092
-5.0543156,-8.595363,0.7135773,191.61517,2021-08-23,4507835.6304,2021-08-23,1.2114671692715637
-0.4117329,-4.0917463,0.703073,99.09609,2021-08-24,3638650.29552,2021-08-24,0.9778762437022581
0.9597562,-1.6049,0.69730365,89.49879,2021-08-25,3719030.762592,2021-08-25,0.999478250716831
-0.5876502,-2.3963141,0.6966914,104.81962,2021-08-26,8859690.16128,2021-08-26,2.381014890588768
-1.2433596,-3.369525,0.6943561,142.4761,2021-08-27,5281639.709472001,2021-08-27,1.419424671298088
-2.696683,-4.2310104,0.69880444,90.72682,2021-08-28,3334949.4502080004,2021-08-28,0.8962575615803323
-3.2780461,-5.850588,0.71618855,128.00792,2021-08-29,3146779.37664,2021-08-29,0.8456874243664296
-4.2931075,-7.2502112,0.71586853,150.13048,2021-08-30,2481780.668256,2021-08-30,0.666971036088598
-3.3886857,-5.729301,0.711909,97.78335,2021-08-31,2456998.576992,2021-08-31,0.6603109241382509
-2.526322,-4.4491777,0.7067157,82.22637,2021-09-01,2308122.262656,2021-09-01,0.6203008656782857
-3.1552432,-5.6220026,0.7003589,94.40091,2021-09-02,2706229.94544,2021-09-02,0.7272910993671743
-5.1258655,-6.7029037,0.6884728,62.155434,2021-09-03,2566140.295968,2021-09-03,0.6896424304703827
-10.916078,-11.427628,0.78424793,113.034615,2021-09-05,690074.1331776,2021-09-05,0.1854553327256107
-15.29282,-17.36849,0.7949742,127.02358,2021-09-06,653826.3263711999,2021-09-06,0.17571384445840088
-15.421553,-17.860678,0.79537535,89.7682,2021-09-07,611839.3119552,2021-09-07,0.16442996153292647
-12.279112,-14.683607,0.79449785,113.08948,2021-09-08,653425.2097056,2021-09-08,0.1756060455696959
-11.158846,-14.373766,0.7933069,89.01429,2021-09-09,569214.5023296,2021-09-09,0.15297467307705997
-12.086927,-15.915005,0.7933217,99.61185,2021-09-10,519960.8792448,2021-09-10,0.13973791108589204
-12.038491,-16.285975,0.79581136,102.329636,2021-09-11,524325.3355872,2021-09-11,0.1409108455058783
-12.868505,-17.590357,0.8008378,103.74708,2021-09-12,503219.083248,2021-09-12,0.1352386041306902
-12.9704485,-16.207016,0.79671204,96.38357,2021-09-13,502661.77836480003,2021-09-13,0.13508883013167428
-13.779586,-17.035513,0.7941861,92.28245,2021-09-14,513082.32304319995,2021-09-14,0.1378893199451613
-17.020248,-20.664684,0.79578745,84.95091,2021-09-15,514801.7678016,2021-09-15,0.13835141551495758
-15.581743,-19.081446,0.79029256,72.36338,2021-09-16,509634.7278624,2021-09-16,0.13696278918474236
-17.12494,-20.934427,0.79239887,78.371185,2021-09-17,526737.9793823999,2021-09-17,0.14155923621678185
-18.554392,-22.156214,0.79689556,73.884735,2021-09-18,533631.1792608,2021-09-18,0.14341176280128987
-17.726755,-21.61224,0.79629004,73.965744,2021-09-19,568825.5195936001,2021-09-19,0.15287013514517542
-17.870253,-21.459686,0.7984595,69.167564,2021-09-20,549601.4094336,2021-09-20,0.147703713778735
-17.59902,-21.303633,0.7964986,65.38797,2021-09-21,555596.5671936,2021-09-21,0.14931489426452374
-17.737152,-22.558298,0.7980903,64.728264,2021-09-22,498092.4713376,2021-09-22,0.13386084271073911
-15.862855,-20.749065,0.79268295,43.27984,2021-09-23,446505.7230432,2021-09-23,0.1199970603876476
-12.091953,-17.28436,0.7902177,46.849823,2021-09-24,467936.07448320003,2021-09-24,0.12575640241432393
-10.6730585,-14.425138,0.7919123,29.677923,2021-09-25,460440.43902720005,2021-09-25,0.12374197309340254
-12.117284,-15.904071,0.79459137,43.480083,2021-09-26,447517.6890048,2021-09-26,0.12026902317409685
-10.91333,-14.741278,0.7934855,29.19143,2021-09-27,433010.56135679997,2021-09-27,0.11637027656775167
-6.5171323,-10.166083,0.79111195,18.698734,2021-09-28,459196.1325792,2021-09-28,0.12340756950510418
-10.738634,-13.762025,0.79834414,36.828983,2021-09-29,551323.4277888,2021-09-29,0.14816650099487463
-10.499663,-13.369314,0.800054,18.21357,2021-09-30,526494.892032,2021-09-30,0.14149390722779018
-6.6127825,-8.376624,0.7914731,18.592606,2021-10-01,578214.0916992,2021-10-01,0.15539328545606285
-6.636,-8.783125,0.78442276,20.7856,2021-10-02,617881.2948864,2021-10-02,0.16605372614161928
-5.5901623,-7.119857,0.7889116,13.374491,2021-10-03,862945.3329119999,2021-10-03,0.2319139439443674
-7.9900126,-10.00375,0.81819165,15.816597,2021-10-04,1056480.7319999998,2021-10-04,0.2839259961376229
-7.3977337,-8.540888,0.8218277,12.832247,2021-10-05,1060055.641728,2021-10-05,0.284886742296905
-13.362044,-16.986776,0.8277873,21.849955,2021-10-06,970988.586912,2021-10-06,0.26095024114197707
-14.947217,-19.2185,0.82548004,17.565685,2021-10-07,844901.0086176,2021-10-07,0.2270645864551692
-10.698353,-13.529063,0.8209849,11.234808,2021-10-08,836635.4592192001,2021-10-08,0.22484324509466683
-9.286068,-11.195084,0.81963533,8.0383835,2021-10-09,843805.5341184,2021-10-09,0.22677018100222743
-7.612917,-8.854949,0.81842947,7.8391333,2021-10-10,873779.121792,2021-10-10,0.2348254918851194
-7.5612373,-8.89466,0.8173857,6.0381784,2021-10-11,891060.3659519999,2021-10-11,0.23946977389993368
-8.208804,-9.883845,0.814417,7.1827426,2021-10-12,892040.750208,2021-10-12,0.23973324919867908
-7.8793774,-9.3124895,0.81331575,4.706448,2021-10-13,960661.375488,2021-10-13,0.2581748343578588
-10.944743,-11.249979,0.8117945,4.2152677,2021-10-14,1043632.2415679999,2021-10-14,0.2804730032582693
-13.866548,-15.543224,0.81142294,4.1949,2021-10-15,1161797.963616,2021-10-15,0.3122296830779632
-15.398925,-18.51777,0.8137554,4.3646913,2021-10-16,1148872.398336,2021-10-16,0.3087559765667064
-9.423079,-11.018339,0.8106976,2.1414404,2021-10-17,1215348.894432,2021-10-17,0.3266213335032828
-7.5827923,-9.884206,0.81063324,1.7998706,2021-10-18,1213645.722336,2021-10-18,0.3261636111622089
-7.209711,-8.771323,0.81107444,1.50842,2021-10-19,829260.2693376,2021-10-19,0.22286118515697795
-11.106908,-12.061273,0.8119978,1.246995,2021-10-20,624747.6798336001,2021-10-20,0.1678990462946026
-20.296297,-22.243843,0.8125583,0.8890752,2021-10-21,575220.2586048,2021-10-21,0.1545887018817007
-26.361713,-29.32322,0.8179327,0.56465334,2021-10-22,593674.1081856,2021-10-22,0.15954811805097022
-26.18331,-32.04139,0.8211654,0.21866629,2021-10-23,559074.0290399999,2021-10-23,0.15024945160084222
-15.042195,-16.708307,0.8120819,0.0,2021-10-26,544107.0383424,2021-10-26,0.146227118193063
-10.691844,-12.072708,0.8105302,0.0,2021-10-27,534686.5245024,2021-10-27,0.14369538363782242
-11.092757,-12.413247,0.8103898,0.0,2021-10-28,563946.7983552,2021-10-28,0.15155899359234443
-17.734138,-20.449467,0.8105597,0.0,2021-10-29,530386.1265888,2021-10-29,0.14253966472651242
-25.520851,-29.863876,0.8161509,0.0,2021-10-30,460404.4991328,2021-10-30,0.12373231435566172
-2.5743442,-5.380563,0.7998383,386.34552,2022-06-23,745830.8327520001,2022-06-23,0.2004397768224177
-2.0516856,-5.476699,0.79649633,399.76294,2022-06-24,669845.0379168,2022-06-24,0.1800188246579127
-1.1712916,-4.2650805,0.78594625,389.83417,2022-06-25,2840781.937248,2022-06-25,0.7634515395429896
1.0446728,-2.5815592,0.76718545,325.99646,2022-06-26,1623314.805984,2022-06-26,0.43626093630826324
2.7463453,-0.9567042,0.73447675,350.08038,2022-06-27,2741732.2584,2022-06-27,0.7368322384216229
1.7293487,-2.3800461,0.73540395,394.351,2022-06-28,3387174.865056,2022-06-28,0.9102929836048761
1.1069546,-2.9820886,0.72558343,394.36417,2022-06-29,5843267.28144,2022-06-29,1.5703603798249224
1.921979,-1.9883993,0.71375555,381.5096,2022-06-30,8586341.121888,2022-06-30,2.3075531643576492
1.7866557,-1.5800539,0.6866285,360.8761,2022-07-01,13997901.35808,2022-07-01,3.761893583620084
1.6468943,-1.7686623,0.6858683,278.34848,2022-07-02,15626225.816639999,2022-07-02,4.199500848881503
0.6240506,-0.668248,0.6978104,142.61859,2022-07-03,17432401.53888,2022-07-03,4.684905102460057
-1.0342308,-1.4339907,0.754752,275.83325,2022-07-04,15737230.2816,2022-07-04,4.229332962553684
0.21823005,-3.0432243,0.7428329,366.31787,2022-07-05,13358016.05472,2022-07-05,3.5899263468618905
1.9725661,-0.43992722,0.6971277,170.31975,2022-07-06,14697949.0896,2022-07-06,3.9500292906853964
1.7699472,-0.29317072,0.6636457,294.2029,2022-07-07,17637232.39488,2022-07-07,4.7399527744790495
3.1005926,-0.6681289,0.67414397,318.76196,2022-07-08,17581290.2784,2022-07-08,4.724918500150579
2.9875045,-0.21371348,0.64638346,238.31633,2022-07-09,23841223.128000002,2022-07-09,6.407256489138446
3.2915065,-0.4367424,0.645948,199.41328,2022-07-10,21055328.6112,2022-07-10,5.658555777560507
2.1735065,-0.19462723,0.64121115,275.15445,2022-07-11,22624172.64,2022-07-11,6.080177857518707
3.7626395,-0.67261606,0.6401413,319.34546,2022-07-12,22382889.67584,2022-07-12,6.015333791862651
2.0092273,-0.21388288,0.64887077,123.825195,2022-07-13,33494759.081279997,2022-07-13,9.001615031387166
3.9286196,-0.07182386,0.62698025,271.78333,2022-07-14,32480351.352,2022-07-14,8.728996027271219
6.247071,-0.021956787,0.61303616,198.9488,2022-07-15,42084433.906560004,2022-07-15,11.310064118432027
7.1627603,-0.06919287,0.6135279,339.41223,2022-07-16,44053152.480000004,2022-07-16,11.839151270850245
5.817238,-0.14919819,0.6141651,340.4293,2022-07-17,41803526.122559994,2022-07-17,11.234571002486573
4.663271,-0.45433784,0.6167932,345.59912,2022-07-18,33177900.386880003,2022-07-18,8.916460217184284
3.6458738,-0.7353589,0.61708903,323.33896,2022-07-19,30472308.259200003,2022-07-19,8.189340529407852
2.985875,-0.24997266,0.62342167,189.47449,2022-07-20,30142723.674239997,2022-07-20,8.1007656706698
3.4530833,-0.13131995,0.61673504,228.87535,2022-07-21,36695786.63328,2022-07-21,9.861881488537827
2.6686084,-0.11772753,0.63601416,147.60963,2022-07-22,46615470.07104,2022-07-22,12.527766360952032
0.35143322,-0.9881463,0.6736096,164.59172,2022-07-23,24451640.48448,2022-07-23,6.571304304445198
1.1510713,-0.37641233,0.66765875,225.52655,2022-07-24,19151032.46976,2022-07-24,5.146781958575814
0.8975879,-1.5412419,0.6636863,310.19672,2022-07-25,23143678.819199998,2022-07-25,6.219793569345063
1.3866162,-1.9999017,0.6637754,312.30954,2022-07-26,20511231.091199998,2022-07-26,5.512331217393127
1.8158748,-1.655235,0.6593769,279.07565,2022-07-27,18482973.28416,2022-07-27,4.967243076317837
0.890232,-1.8878417,0.65836126,304.529,2022-07-28,17907252.4656,2022-07-28,4.8125198504646125
0.67813915,-2.6306393,0.66213334,259.48358,2022-07-29,17379002.8656,2022-07-29,4.670554370786276
1.4286643,-1.7629962,0.6558886,255.21602,2022-07-30,16273790.54208,2022-07-30,4.373531907059041
1.1907948,-2.8275075,0.6561292,300.69388,2022-07-31,14809635.060479999,2022-07-31,3.980044557008967
1.6060541,-2.8689272,0.65723246,298.42383,2022-08-01,16446642.37344,2022-08-01,4.419985313085853
2.0858264,-2.6304338,0.65457505,286.54474,2022-08-02,16674042.85344,2022-08-02,4.48109850318062
1.6618553,-2.6948214,0.65274996,279.29276,2022-08-03,16541158.9104,2022-08-03,4.445386346057884
1.5859846,-2.8989701,0.65294915,278.64313,2022-08-04,15836354.193599999,2022-08-04,4.255972213609763
0.8743747,-3.196471,0.65540475,263.83035,2022-08-05,14006446.75872,2022-08-05,3.764190134153962
0.7208142,-3.265961,0.6532705,240.35484,2022-08-06,12838517.80704,2022-08-06,3.4503127666075057
1.0414404,-3.2409413,0.6534247,257.7322,2022-08-07,12156675.9552,2022-08-07,3.267069834551842
-1.2303641,-3.6812716,0.65427166,260.63824,2022-08-08,12036332.60928,2022-08-08,3.2347279249136163
-2.406111,-4.2846546,0.65574783,253.05336,2022-08-09,9034294.504320001,2022-08-09,2.4279392788203817
-2.1863286,-5.073309,0.6597679,242.93704,2022-08-10,6537348.40176,2022-08-10,1.7568925782059652
-1.737951,-3.8007367,0.6559372,176.1129,2022-08-11,5641402.60656,2022-08-11,1.5161098599959424
-0.516758,-2.8676162,0.6600546,152.70981,2022-08-12,4960255.154976,2022-08-12,1.3330535459054071
1.5416814,-0.8480017,0.6832372,135.7017,2022-08-13,11767316.24736,2022-08-13,3.1624305926273375
1.5820043,-1.2892367,0.6836524,144.9705,2022-08-14,16500375.7344,2022-08-14,4.434425991059705
0.782803,-1.5403895,0.68000174,133.50162,2022-08-15,14186220.11136,2022-08-15,3.812503678056164
-1.5968086,-4.2480307,0.6790174,213.1924,2022-08-16,12061427.688000001,2022-08-16,3.2414721512945746
-2.343742,-5.047977,0.67677873,179.45984,2022-08-17,7511396.803199999,2022-08-17,2.0186651352326948
-2.2661657,-4.235735,0.6760531,170.19928,2022-08-18,5686263.1152,2022-08-18,1.5281659857889232
-4.0866923,-6.257636,0.67767537,194.14784,2022-08-19,6975187.845984001,2022-08-19,1.8745606024152723
-4.503095,-6.660048,0.6806094,198.51715,2022-08-20,7594165.1882879995,2022-08-20,2.0409088879799175
-4.7939196,-7.302491,0.67973113,198.04294,2022-08-21,4900804.51248,2022-08-21,1.317076365839147
-5.7278376,-8.190418,0.67824423,194.39566,2022-08-22,3139503.5134079996,2022-08-22,0.8437320581649126
-6.511561,-9.017641,0.6782297,193.06445,2022-08-23,2507045.7502079997,2022-08-23,0.6737609503231343
-2.3165593,-4.263811,0.678299,88.60462,2022-08-24,2015896.591872,2022-08-24,0.5417661019469466
-3.087277,-5.670287,0.6846817,165.36575,2022-08-25,1558264.986432,2022-08-25,0.4187789943707986
-2.609861,-5.78211,0.68124145,157.83035,2022-08-26,1684950.446592,2022-08-26,0.45282532799771524
-4.811587,-7.763283,0.6820432,152.0298,2022-08-27,1349960.559264,2022-08-27,0.36279781062352
-6.805944,-9.201032,0.6840952,162.36218,2022-08-28,1317762.687744,2022-08-28,0.35414473019533177
-8.089954,-10.4734125,0.6862442,160.62312,2022-08-29,1243443.728448,2022-08-29,0.33417173503234165
-8.191297,-10.999901,0.6859563,158.66563,2022-08-30,1287611.13024,2022-08-30,0.3460415904596759
-5.7536235,-9.025125,0.68478507,149.98662,2022-08-31,597446.475696,2022-08-31,0.16056193039107783
-6.0355234,-8.9796,0.68678254,144.23373,2022-09-01,602942.7189888001,2022-09-01,0.16203902912525803
0.9325549,-0.7773476,0.705948,61.026237,2022-09-04,3214487.474496,2022-09-04,0.8638837705448931
1.6191622,-0.34651893,0.6716968,42.958767,2022-09-05,8124119.027424,2022-09-05,2.1833323767630963
-0.05432586,-1.7667558,0.6854307,85.42867,2022-09-06,14720853.539520001,2022-09-06,3.956184792212821
-3.3901572,-4.571417,0.6988532,85.33384,2022-09-07,6112015.196832,2022-09-07,1.642585567920055
-6.094541,-8.329405,0.7122578,96.040535,2022-09-08,3413654.713728,2022-09-08,0.9174093627153008
-6.762692,-9.587656,0.713899,108.23127,2022-09-09,2725486.625376,2022-09-09,0.7324662737622453
-5.658388,-8.706799,0.71025723,95.20147,2022-09-10,2181504.030336,2022-09-10,0.5862725993297037
-1.230087,-3.2705152,0.716463,65.37475,2022-09-11,1788044.1284160002,2022-09-11,0.48053144266765546
-2.2540953,-3.947655,0.7217704,59.154297,2022-09-12,1172523.639744,2022-09-12,0.3151121760441406
-4.454257,-6.490119,0.7269266,67.48742,2022-09-13,1521831.467232,2022-09-13,0.40898759646042077
-7.2725163,-9.106238,0.7414966,70.45578,2022-09-14,993546.9797759999,2022-09-14,0.2670127408839743
-9.385203,-11.824343,0.76065075,75.13496,2022-09-15,803308.8386592,2022-09-15,0.21588681678150135
-8.622046,-11.529085,0.7591106,74.96711,2022-09-16,601415.4699935999,2022-09-16,0.16162858558456847
-12.140808,-16.221176,0.764441,81.057,2022-09-17,575185.5207072,2022-09-17,0.15457936617695847
-13.877541,-18.195486,0.7636325,76.1606,2022-09-18,422186.06808,2022-09-18,0.1134612267921989
-14.01709,-17.77565,0.760041,68.40675,2022-09-19,450992.4896448,2022-09-19,0.12120286531925738
-16.12621,-19.71383,0.7599031,57.537193,2022-09-20,478797.7315968,2022-09-20,0.1286754398584296
-13.038501,-16.556273,0.7604189,46.488213,2022-09-21,456662.185776,2022-09-21,0.12272657897828565
-14.928135,-18.568207,0.76621246,61.759174,2022-09-22,444821.8506336,2022-09-22,0.11954452477882561
-15.786393,-18.761435,0.7617348,58.06019,2022-09-23,463619.348784,2022-09-23,0.1245962954600986
-18.924213,-21.968239,0.76308674,53.503788,2022-09-24,509607.17542080005,2022-09-24,0.13695538454953196
-9.668091,-11.921577,0.75784475,32.20629,2022-09-25,496940.9807808,2022-09-25,0.13355138311201684
-10.143132,-13.153507,0.7592006,35.84227,2022-09-26,453445.6737024,2022-09-26,0.12186215110286504
-5.650094,-8.268053,0.7625197,21.710417,2022-09-27,507196.803168,2022-09-27,0.13630760430876676
-7.7699823,-9.640335,0.7652419,24.082268,2022-09-28,586689.6383712001,2022-09-28,0.1576710629476627
-11.422483,-12.675888,0.76803833,25.75571,2022-09-29,642424.8828384,2022-09-29,0.17264974104940745
-15.0187025,-16.363388,0.7976248,31.550856,2022-09-30,1107664.84368,2022-09-30,0.297681571090374
-19.301674,-22.57601,0.80463237,34.4909,2022-10-01,889445.09808,2022-10-01,0.23903567555275562
-13.0043,-14.5776205,0.80097085,5.4301157,2022-10-14,746062.64136,2022-10-14,0.2005020746835581
-17.382263,-19.319893,0.81714123,3.0121477,2022-10-17,441192.97728000005,2022-10-17,0.11856927605864531
-10.170088,-11.950731,0.8115567,0.0,2022-12-07,632313.6031584,2022-12-07,0.16993236526732827
-14.493402,-16.172028,0.811259,0.0,2022-12-09,680782.393872,2022-12-09,0.18295820593637027
-22.304972,-27.005459,0.81264746,0.0,2019-01-01,,,4.252476908555367e-15
-25.718548,-29.621658,0.81413454,0.0,2019-01-02,,,4.25522352636196e-15
-21.283382,-24.784678,0.8073993,0.0,2019-01-03,,,4.2548336002246186e-15
-21.476696,-25.19415,0.8085599,0.0,2019-01-04,,,4.2556803204741035e-15
-16.623316,-18.88621,0.8069604,0.0,2019-01-05,,,4.256037230194273e-15
-27.013962,-29.781153,0.8070249,0.0,2019-01-06,,,4.256037230194273e-15
-28.75348,-31.324959,0.8091981,0.0,2019-01-07,,,4.256037230285701e-15
-42.631165,-44.0251,0.8093033,0.0,2020-01-01,,,4.252476908555367e-15
-44.919594,-46.856064,0.81036794,0.0,2020-01-02,,,4.25522352636196e-15
-41.40971,-43.83379,0.8106065,0.0,2020-01-03,,,4.2548336002246186e-15
-45.29617,-47.790863,0.81485254,0.0,2020-01-04,,,4.2556803204741035e-15
-39.887455,-43.809406,0.8158087,0.0,2020-01-05,,,4.256037230194273e-15
-31.56567,-35.926353,0.8108975,0.0,2020-01-06,,,4.256037230194273e-15
-31.76088,-36.174644,0.8120158,0.0,2020-01-07,,,4.256037230285701e-15
-14.866054,-16.614023,0.8036441,0.0,2021-01-01,,,4.252476908555367e-15
-22.837421,-26.037216,0.8067515,0.0,2021-01-02,,,4.25522352636196e-15
-22.254313,-25.338926,0.8037781,0.0,2021-01-03,,,4.2548336002246186e-15
-23.06426,-26.491556,0.80388725,0.0,2021-01-04,,,4.2556803204741035e-15
-24.213766,-26.97075,0.80377704,0.0,2021-01-05,,,4.256037230194273e-15
-27.070953,-29.065937,0.8047259,0.0,2021-01-06,,,4.256037230194273e-15
-35.153427,-38.32528,0.81116754,0.0,2021-01-07,,,4.256037230285701e-15
-23.652988,-27.790546,0.8100936,0.0,2022-01-01,,,4.252476908555367e-15
-22.65274,-25.343525,0.80999064,0.0,2022-01-02,,,4.25522352636196e-15
-27.84696,-31.804735,0.8132566,0.0,2022-01-03,,,4.2548336002246186e-15
-29.879524,-34.04709,0.8190215,0.0,2022-01-04,,,4.2556803204741035e-15
-27.804384,-32.413067,0.818817,0.0,2022-01-05,,,4.256037230194273e-15
-23.164133,-27.67281,0.8175073,0.0,2022-01-06,,,4.256037230194273e-15
-22.501207,-26.07123,0.810041,0.0,2022-01-07,,,4.256037230285701e-15
